,Order,PID,MS SubClass,MS Zoning,Lot Frontage,Lot Area,Street,Alley,Lot Shape,Land Contour,Utilities,Lot Config,Land Slope,Neighborhood,Condition 1,Condition 2,Bldg Type,House Style,Overall Qual,Overall Cond,Year Built,Year Remod/Add,Roof Style,Roof Matl,Exterior 1st,Exterior 2nd,Mas Vnr Type,Mas Vnr Area,Exter Qual,Exter Cond,Foundation,Bsmt Qual,Bsmt Cond,Bsmt Exposure,BsmtFin Type 1,BsmtFin SF 1,BsmtFin Type 2,BsmtFin SF 2,Bsmt Unf SF,Total Bsmt SF,Heating,Heating QC,Central Air,Electrical,1st Flr SF,2nd Flr SF,Low Qual Fin SF,Gr Liv Area,Bsmt Full Bath,Bsmt Half Bath,Full Bath,Half Bath,Bedroom AbvGr,Kitchen AbvGr,Kitchen Qual,TotRms AbvGrd,Functional,Fireplaces,Fireplace Qu,Garage Type,Garage Yr Blt,Garage Finish,Garage Cars,Garage Area,Garage Qual,Garage Cond,Paved Drive,Wood Deck SF,Open Porch SF,Enclosed Porch,3Ssn Porch,Screen Porch,Pool Area,Pool QC,Fence,Misc Feature,Misc Val,Mo Sold,Yr Sold,Sale Type,Sale Condition,SalePrice
2565,2856,909256010,50,RL,84.0,10164,Pave,,Reg,Bnk,AllPub,Inside,Gtl,SWISU,Norm,Norm,1Fam,1.5Fin,5,5,1939,1950,Gable,CompShg,VinylSd,VinylSd,None,0.0,TA,TA,CBlock,TA,Fa,Av,LwQ,646.0,Unf,0.0,346.0,992.0,GasA,Fa,Y,SBrkr,992,473,0,1465,0.0,0.0,2,0,3,1,TA,6,Typ,2,TA,Detchd,1939.0,Unf,1.0,240.0,TA,TA,Y,0,126,0,0,0,0,,,,0,7,2006,WD ,Normal,131000
32,38,528112020,20,RL,98.0,11478,Pave,,Reg,Lvl,AllPub,Inside,Gtl,NridgHt,Norm,Norm,1Fam,1Story,8,5,2007,2008,Gable,CompShg,VinylSd,VinylSd,Stone,200.0,Gd,TA,PConc,Ex,TA,No,GLQ,1218.0,Unf,0.0,486.0,1704.0,GasA,Ex,Y,SBrkr,1704,0,0,1704,1.0,0.0,2,0,3,1,Gd,7,Typ,1,Gd,Attchd,2008.0,RFn,3.0,772.0,TA,TA,Y,0,50,0,0,0,0,,,,0,5,2010,WD ,Normal,306000
1600,1791,528441080,20,RL,75.0,10084,Pave,,Reg,Lvl,AllPub,Inside,Gtl,Somerst,Norm,Norm,1Fam,1Story,8,5,2004,2005,Gable,CompShg,VinylSd,VinylSd,Stone,186.0,Gd,TA,PConc,Ex,TA,Av,GLQ,1369.0,Unf,0.0,317.0,1686.0,GasA,Ex,Y,SBrkr,1694,0,0,1694,1.0,0.0,2,0,3,1,Gd,7,Typ,1,Gd,Attchd,2004.0,RFn,2.0,636.0,TA,TA,Y,255,57,0,0,0,0,,,,0,8,2007,WD ,Normal,307000
2107,2352,527356060,60,RL,85.0,11475,Pave,,Reg,Lvl,AllPub,Inside,Gtl,NWAmes,RRAn,Norm,1Fam,2Story,6,6,1975,1975,Gable,CompShg,VinylSd,VinylSd,None,0.0,TA,TA,CBlock,Gd,TA,No,ALQ,550.0,Unf,0.0,163.0,713.0,GasA,TA,Y,SBrkr,811,741,0,1552,1.0,0.0,2,1,3,1,TA,6,Typ,1,TA,Attchd,1975.0,RFn,2.0,434.0,TA,TA,Y,209,208,0,0,0,0,,MnPrv,,0,2,2006,WD ,Normal,179900
2550,2839,908275220,20,RL,60.0,8172,Pave,,Reg,Lvl,AllPub,Inside,Gtl,Edwards,Norm,Norm,1Fam,1Story,5,7,1955,1990,Hip,CompShg,WdShing,Plywood,None,0.0,TA,TA,CBlock,TA,TA,No,Rec,167.0,Unf,0.0,697.0,864.0,GasA,TA,Y,SBrkr,864,0,0,864,1.0,0.0,1,0,2,1,TA,5,Typ,0,,Detchd,1957.0,Unf,2.0,572.0,TA,TA,N,0,0,0,0,0,0,,,,0,4,2006,WD ,Normal,115000
739,826,906380100,20,RL,122.0,11923,Pave,,IR1,Lvl,AllPub,Corner,Gtl,CollgCr,Norm,Norm,1Fam,1Story,9,5,2007,2007,Gable,CompShg,VinylSd,VinylSd,None,0.0,Gd,TA,PConc,Ex,TA,No,Unf,0.0,Unf,0.0,1800.0,1800.0,GasA,Ex,Y,SBrkr,1800,0,0,1800,0.0,0.0,2,0,2,1,Ex,7,Typ,0,,Attchd,2007.0,Fin,2.0,702.0,TA,TA,Y,288,136,0,0,0,0,,,,0,5,2009,WD ,Normal,239000
1771,1975,902105110,70,RM,60.0,9600,Pave,Grvl,Reg,Lvl,AllPub,Inside,Gtl,OldTown,Norm,Norm,1Fam,2Story,5,7,1910,2002,Gable,CompShg,Wd Sdng,Wd Shng,None,0.0,TA,Gd,BrkTil,Fa,Fa,No,Unf,0.0,Unf,0.0,264.0,264.0,GasA,Ex,Y,SBrkr,768,664,0,1432,0.0,0.0,2,0,2,1,TA,7,Typ,0,,Detchd,1910.0,Unf,2.0,360.0,TA,Gd,Y,270,0,112,0,0,0,,GdPrv,,0,5,2007,WD ,Abnorml,132000
1132,1259,535380140,50,RL,60.0,10836,Pave,Grvl,Reg,Lvl,AllPub,Inside,Gtl,OldTown,Norm,Norm,1Fam,1.5Fin,5,5,1922,1950,Gable,CompShg,Wd Sdng,Wd Sdng,None,0.0,TA,TA,BrkTil,TA,TA,No,Unf,0.0,Unf,0.0,892.0,892.0,GasA,Ex,Y,SBrkr,1254,182,0,1436,0.0,1.0,1,0,3,1,TA,7,Typ,1,Gd,Detchd,1968.0,Unf,4.0,1488.0,Fa,TA,N,0,0,100,0,0,0,,GdWo,,0,6,2008,WD ,Normal,139000
2021,2251,914460020,20,RL,80.0,10000,Pave,,Reg,Lvl,AllPub,Inside,Gtl,Mitchel,Norm,Norm,1Fam,1Story,5,5,2002,2002,Gable,CompShg,VinylSd,VinylSd,BrkFace,166.0,Gd,TA,PConc,Gd,TA,No,GLQ,585.0,Unf,0.0,856.0,1441.0,GasA,Ex,Y,SBrkr,1392,0,0,1392,0.0,0.0,2,0,3,1,Gd,6,Typ,1,Gd,Attchd,2002.0,Fin,3.0,650.0,TA,TA,Y,168,49,0,0,0,0,,,,0,12,2007,WD ,Normal,215000
2274,2538,534202020,20,RL,,9759,Pave,,IR1,Lvl,AllPub,Inside,Gtl,NAmes,Norm,Norm,1Fam,1Story,5,5,1966,1966,Gable,CompShg,Plywood,Plywood,None,0.0,TA,TA,CBlock,TA,TA,No,BLQ,799.0,Unf,0.0,252.0,1051.0,GasA,TA,Y,SBrkr,1051,0,0,1051,1.0,0.0,1,0,3,1,TA,6,Typ,0,,Attchd,1966.0,RFn,1.0,264.0,TA,TA,Y,182,88,0,0,0,0,,,,0,3,2006,WD ,Normal,124400
794,891,908152100,80,RL,72.0,7200,Pave,,Reg,Lvl,AllPub,Inside,Gtl,Edwards,Norm,Norm,1Fam,SLvl,6,6,1976,1976,Hip,CompShg,MetalSd,MetalSd,BrkFace,255.0,TA,TA,CBlock,TA,TA,Av,ALQ,631.0,Unf,0.0,410.0,1041.0,GasA,Ex,Y,SBrkr,1125,0,0,1125,1.0,0.0,1,0,3,1,TA,6,Typ,1,Fa,Detchd,1977.0,Unf,1.0,352.0,TA,TA,Y,296,0,0,0,0,0,,GdWo,,0,10,2009,WD ,Abnorml,125000
657,738,903228070,50,RM,60.0,6000,Pave,,Reg,Lvl,AllPub,Corner,Gtl,BrkSide,Norm,Norm,1Fam,1.5Fin,5,5,1924,1950,Gable,CompShg,Stucco,Stucco,BrkFace,444.0,TA,TA,BrkTil,TA,TA,No,Rec,220.0,Unf,0.0,248.0,468.0,GasA,Gd,Y,SBrkr,822,320,0,1142,0.0,0.0,1,0,3,1,TA,6,Typ,0,,Attchd,1924.0,Fin,1.0,320.0,TA,TA,Y,0,0,98,0,0,0,,,,0,6,2009,WD ,Normal,93000
109,128,534431050,50,RL,68.0,9724,Pave,,Reg,Lvl,AllPub,Inside,Gtl,NAmes,Norm,Norm,1Fam,1.5Fin,5,7,1952,2002,Gable,CompShg,MetalSd,MetalSd,BrkFace,265.0,Gd,TA,CBlock,TA,TA,No,LwQ,670.0,Unf,0.0,470.0,1140.0,GasA,Gd,Y,SBrkr,1929,532,0,2461,0.0,0.0,2,0,3,1,TA,7,Min2,2,Gd,Detchd,1994.0,Unf,2.0,400.0,TA,TA,Y,0,0,0,0,0,0,,GdWo,,0,3,2010,WD ,Normal,197600
834,935,909451140,160,RM,24.0,1612,Pave,,Reg,Lvl,AllPub,Inside,Gtl,Blueste,Norm,Norm,Twnhs,2Story,6,6,1980,1980,Gable,CompShg,MetalSd,MetalSd,None,0.0,TA,TA,CBlock,Gd,TA,No,Unf,0.0,Unf,0.0,561.0,561.0,GasA,TA,Y,SBrkr,561,668,0,1229,0.0,0.0,1,1,2,1,TA,5,Typ,1,TA,Attchd,1980.0,Fin,2.0,462.0,TA,TA,Y,154,0,0,0,0,0,,MnPrv,,0,7,2009,WD ,Normal,121000
1894,2109,906382020,20,RL,75.0,11750,Pave,,IR1,Lvl,AllPub,Inside,Gtl,CollgCr,Norm,Norm,1Fam,1Story,7,5,2005,2006,Gable,CompShg,VinylSd,VinylSd,BrkFace,204.0,Gd,TA,PConc,Gd,TA,Mn,GLQ,20.0,Unf,0.0,1526.0,1546.0,GasA,Ex,Y,SBrkr,1546,0,0,1546,0.0,0.0,2,0,3,1,Gd,7,Typ,0,,Attchd,2005.0,RFn,3.0,796.0,TA,TA,Y,144,42,0,0,0,0,,,,0,6,2007,WD ,Normal,217000
1935,2156,907285040,60,RL,80.0,10000,Pave,,Reg,Lvl,AllPub,Inside,Gtl,CollgCr,Norm,Norm,1Fam,2Story,8,5,1995,1996,Gable,CompShg,VinylSd,VinylSd,BrkFace,438.0,Gd,TA,PConc,Gd,TA,No,GLQ,1079.0,Unf,0.0,141.0,1220.0,GasA,Ex,Y,SBrkr,1220,870,0,2090,1.0,0.0,2,1,3,1,Gd,8,Typ,1,TA,Attchd,1995.0,RFn,2.0,556.0,TA,TA,Y,0,65,0,0,0,0,,,,0,12,2007,WD ,Normal,240000
764,855,907201280,20,RL,76.0,6950,Pave,,IR1,Lvl,AllPub,Inside,Gtl,CollgCr,Norm,Norm,1Fam,1Story,5,7,1979,1979,Gable,CompShg,HdBoard,HdBoard,BrkFace,40.0,TA,TA,CBlock,TA,TA,No,ALQ,710.0,BLQ,72.0,132.0,914.0,GasA,TA,Y,SBrkr,914,0,0,914,1.0,0.0,1,0,2,1,TA,5,Typ,0,,Attchd,1979.0,Unf,2.0,444.0,TA,TA,Y,0,0,0,0,0,0,,,,0,10,2009,WD ,Normal,134900
2093,2337,527216050,60,RL,66.0,13682,Pave,,IR2,HLS,AllPub,CulDSac,Gtl,StoneBr,Norm,Norm,1Fam,2Story,10,5,2006,2006,Hip,CompShg,VinylSd,VinylSd,BrkFace,1031.0,Ex,TA,PConc,Ex,TA,Gd,Unf,0.0,Unf,0.0,1410.0,1410.0,GasA,Ex,Y,SBrkr,1426,1519,0,2945,0.0,0.0,3,1,3,1,Gd,10,Typ,1,Gd,BuiltIn,2006.0,Fin,3.0,641.0,TA,TA,Y,192,0,37,0,0,0,,,,0,10,2006,New,Partial,438780
1470,1642,527256030,20,RL,85.0,14082,Pave,,IR1,HLS,AllPub,Inside,Gtl,StoneBr,Norm,Norm,1Fam,1Story,8,5,2006,2006,Hip,CompShg,VinylSd,VinylSd,BrkFace,945.0,Gd,TA,PConc,Ex,Gd,Gd,GLQ,1558.0,Unf,0.0,662.0,2220.0,GasA,Ex,Y,SBrkr,2234,0,0,2234,1.0,0.0,1,1,1,1,Gd,7,Typ,1,Gd,Attchd,2006.0,RFn,2.0,724.0,TA,TA,Y,390,80,0,0,0,0,,,,0,1,2007,WD ,Normal,441929
1505,1682,527453010,160,RL,24.0,2308,Pave,,Reg,Lvl,AllPub,Corner,Gtl,NPkVill,Norm,Norm,TwnhsE,2Story,6,6,1976,1976,Gable,CompShg,Plywood,Brk Cmn,None,0.0,TA,TA,CBlock,Gd,TA,No,ALQ,556.0,Unf,0.0,248.0,804.0,GasA,TA,Y,SBrkr,804,744,0,1548,1.0,0.0,2,1,3,1,Gd,7,Typ,1,TA,Detchd,1976.0,Unf,2.0,440.0,TA,TA,Y,48,0,0,0,0,0,,,,0,7,2007,WD ,Normal,155000
2525,2814,907418020,60,RL,68.0,8846,Pave,,Reg,Lvl,AllPub,Inside,Gtl,CollgCr,Norm,Norm,1Fam,2Story,6,5,2005,2006,Gable,CompShg,VinylSd,VinylSd,None,0.0,TA,TA,PConc,Gd,TA,No,Unf,0.0,Unf,0.0,750.0,750.0,GasA,Ex,Y,SBrkr,750,750,0,1500,0.0,0.0,2,1,3,1,Gd,6,Typ,0,,Attchd,2005.0,RFn,2.0,564.0,TA,TA,Y,0,35,0,0,0,0,,,,0,8,2006,New,Partial,173900
2014,2244,911128010,20,C (all),65.0,6565,Pave,,Reg,Lvl,AllPub,Corner,Gtl,IDOTRR,Norm,Norm,1Fam,1Story,4,6,1957,1980,Gable,CompShg,MetalSd,MetalSd,None,0.0,TA,TA,CBlock,TA,TA,No,GLQ,967.0,Unf,0.0,106.0,1073.0,GasA,Gd,Y,FuseA,1073,0,0,1073,1.0,0.0,1,0,3,1,TA,6,Typ,0,,Detchd,1985.0,Unf,2.0,720.0,TA,TA,Y,0,444,0,0,0,0,,,,0,8,2007,WD ,Abnorml,140000
1603,1794,528456190,20,FV,72.0,8640,Pave,,Reg,Lvl,AllPub,Inside,Gtl,Somerst,Norm,Norm,1Fam,1Story,8,5,2007,2007,Gable,CompShg,VinylSd,VinylSd,None,0.0,Gd,TA,PConc,Gd,TA,No,GLQ,24.0,Unf,0.0,1314.0,1338.0,GasA,Ex,Y,SBrkr,1338,0,0,1338,0.0,0.0,2,0,3,1,Gd,6,Typ,0,,Attchd,2007.0,RFn,2.0,598.0,TA,TA,Y,0,141,0,0,0,0,,,,0,11,2007,New,Partial,208900
2436,2717,905107300,80,RL,,7176,Pave,,IR1,Lvl,AllPub,CulDSac,Gtl,Sawyer,Norm,Norm,1Fam,SLvl,6,6,1978,1978,Gable,CompShg,HdBoard,HdBoard,BrkFace,200.0,TA,TA,CBlock,TA,Gd,Gd,GLQ,794.0,Unf,0.0,166.0,960.0,GasA,Fa,Y,SBrkr,1040,0,0,1040,1.0,0.0,1,0,3,1,TA,6,Typ,1,Fa,Detchd,1979.0,Unf,2.0,616.0,TA,TA,Y,131,0,0,0,180,0,,GdPrv,,0,7,2006,WD ,Normal,160500
1717,1917,535151020,20,RL,73.0,8760,Pave,,Reg,Lvl,AllPub,Inside,Gtl,NAmes,Norm,Norm,1Fam,1Story,6,7,1957,1999,Gable,CompShg,VinylSd,VinylSd,None,0.0,TA,TA,CBlock,TA,TA,No,ALQ,873.0,Unf,0.0,63.0,936.0,GasA,TA,Y,SBrkr,936,0,0,936,1.0,0.0,1,0,2,1,Gd,4,Typ,0,,Attchd,1957.0,RFn,1.0,315.0,TA,TA,Y,0,0,0,219,0,0,,,,0,9,2007,WD ,Normal,141000
223,255,906425045,50,RL,82.0,14235,Pave,,IR1,Lvl,AllPub,Inside,Gtl,SawyerW,Norm,Norm,1Fam,1.5Fin,6,8,1900,1993,Gable,CompShg,Wd Sdng,Plywood,None,0.0,TA,TA,PConc,Fa,Gd,No,Unf,0.0,Unf,0.0,676.0,676.0,GasA,TA,Y,SBrkr,831,614,0,1445,0.0,0.0,2,0,3,1,TA,6,Typ,0,,Detchd,1957.0,Unf,2.0,484.0,TA,TA,N,0,59,0,0,0,0,,,,0,3,2010,WD ,Normal,138500
2138,2387,528118010,60,RL,101.0,14215,Pave,,IR1,Lvl,AllPub,Corner,Gtl,NridgHt,Norm,Norm,1Fam,2Story,8,5,2005,2006,Gable,CompShg,VinylSd,VinylSd,BrkFace,380.0,Gd,TA,PConc,Ex,TA,Av,Unf,0.0,Unf,0.0,1158.0,1158.0,GasA,Ex,Y,SBrkr,1158,1218,0,2376,0.0,0.0,3,1,4,1,Gd,9,Typ,1,Gd,BuiltIn,2005.0,RFn,3.0,853.0,TA,TA,Y,240,154,0,0,0,0,,,,0,11,2006,New,Partial,325300
732,819,906340100,20,RL,84.0,10933,Pave,,Reg,Lvl,AllPub,Inside,Gtl,CollgCr,Norm,Norm,1Fam,1Story,9,5,2009,2009,Hip,CompShg,VinylSd,VinylSd,Stone,242.0,Ex,TA,PConc,Ex,TA,Gd,GLQ,1021.0,Unf,0.0,534.0,1555.0,GasA,Ex,Y,SBrkr,1680,0,0,1680,1.0,0.0,1,1,1,1,Ex,8,Typ,1,Gd,Attchd,2009.0,Fin,3.0,1138.0,TA,TA,Y,185,24,0,0,0,0,,,,0,7,2009,New,Partial,323262
2469,2753,906380170,20,RL,64.0,7406,Pave,,Reg,Lvl,AllPub,Inside,Gtl,CollgCr,Norm,Norm,1Fam,1Story,7,5,2006,2006,Gable,CompShg,VinylSd,VinylSd,Stone,84.0,Gd,TA,PConc,Gd,TA,Av,GLQ,684.0,Unf,0.0,515.0,1199.0,GasA,Ex,Y,SBrkr,1220,0,0,1220,1.0,0.0,2,0,2,1,Gd,6,Typ,0,,Attchd,2006.0,RFn,2.0,632.0,TA,TA,Y,105,54,0,0,0,0,,,,0,7,2006,New,Partial,194000
755,845,907181100,20,RL,68.0,9017,Pave,,IR1,Lvl,AllPub,Inside,Gtl,CollgCr,Norm,Norm,1Fam,1Story,7,5,1999,1999,Gable,CompShg,VinylSd,VinylSd,None,0.0,Gd,TA,PConc,Gd,TA,Av,GLQ,560.0,Unf,0.0,871.0,1431.0,GasA,Ex,Y,SBrkr,1431,0,0,1431,1.0,0.0,2,0,3,1,Gd,6,Typ,0,,Attchd,1999.0,Fin,2.0,666.0,TA,TA,Y,0,35,0,0,0,0,,,,0,9,2009,WD ,Normal,192000
96,113,534152050,20,RL,,10603,Pave,,IR1,Lvl,AllPub,Inside,Gtl,NWAmes,Norm,Norm,1Fam,1Story,6,7,1977,2001,Gable,CompShg,Plywood,Plywood,BrkFace,28.0,TA,TA,PConc,TA,TA,Mn,ALQ,1200.0,Unf,0.0,410.0,1610.0,GasA,Gd,Y,SBrkr,1610,0,0,1610,1.0,0.0,2,0,3,1,Gd,6,Typ,2,TA,Attchd,1977.0,RFn,2.0,480.0,TA,TA,Y,168,68,0,0,0,0,,,,0,2,2010,WD ,Normal,205000
452,510,528435030,20,RL,78.0,9262,Pave,,Reg,Lvl,AllPub,Inside,Gtl,Somerst,Norm,Norm,1Fam,1Story,8,5,2008,2009,Gable,CompShg,CemntBd,CmentBd,Stone,194.0,Gd,TA,PConc,Gd,TA,No,Unf,0.0,Unf,0.0,1573.0,1573.0,GasA,Ex,Y,SBrkr,1578,0,0,1578,0.0,0.0,2,0,3,1,Ex,7,Typ,1,Gd,Attchd,2008.0,Fin,3.0,840.0,TA,TA,Y,0,36,0,0,0,0,,,,0,5,2009,New,Partial,287090
287,325,923204150,90,RL,94.0,9400,Pave,,Reg,Low,AllPub,Corner,Gtl,Mitchel,Norm,Norm,Duplex,2Story,6,5,1971,1971,Mansard,CompShg,MetalSd,Wd Shng,None,0.0,TA,TA,CBlock,TA,TA,Av,Unf,0.0,Unf,0.0,912.0,912.0,GasA,TA,Y,SBrkr,912,912,0,1824,0.0,0.0,2,2,4,2,TA,8,Typ,0,,,,,0.0,0.0,,,Y,128,0,0,0,0,0,,,,0,4,2010,WD ,Normal,139000
930,1040,527450110,160,RM,21.0,1680,Pave,,Reg,Lvl,AllPub,Inside,Gtl,BrDale,Norm,Norm,Twnhs,2Story,6,5,1973,1973,Gable,CompShg,HdBoard,HdBoard,BrkFace,359.0,TA,TA,CBlock,TA,TA,No,LwQ,458.0,Unf,0.0,25.0,483.0,GasA,TA,Y,SBrkr,483,504,0,987,0.0,1.0,1,1,2,1,TA,5,Typ,0,,Detchd,1973.0,Unf,1.0,264.0,TA,TA,Y,52,0,0,0,0,0,,,,0,2,2008,WD ,Normal,103400
1347,1505,908225170,190,RL,56.0,6931,Pave,,Reg,Lvl,AllPub,Inside,Gtl,Edwards,Norm,Norm,2fmCon,1Story,4,5,1955,1955,Hip,CompShg,Wd Sdng,Wd Sdng,None,0.0,TA,TA,CBlock,TA,TA,Av,ALQ,784.0,Unf,0.0,0.0,784.0,GasA,TA,N,FuseP,784,0,0,784,1.0,0.0,1,0,2,1,TA,4,Typ,0,,,,,0.0,0.0,,,Y,112,0,0,0,0,0,,,,0,5,2008,WD ,Normal,91900
1150,1280,535456100,20,RL,60.0,7200,Pave,,Reg,Lvl,AllPub,Inside,Gtl,NAmes,Norm,Norm,1Fam,1Story,5,7,1954,1954,Gable,CompShg,MetalSd,MetalSd,None,0.0,TA,TA,CBlock,TA,TA,No,Unf,0.0,Unf,0.0,825.0,825.0,GasA,TA,Y,FuseA,825,0,0,825,0.0,1.0,1,0,2,1,TA,4,Typ,0,,Attchd,1954.0,Unf,1.0,350.0,TA,TA,Y,0,0,0,0,0,0,,,,0,7,2008,WD ,Normal,109500
1754,1954,535402180,20,RL,75.0,8700,Pave,,IR1,Lvl,AllPub,Inside,Gtl,NAmes,Norm,Norm,1Fam,1Story,5,7,1961,1961,Gable,CompShg,HdBoard,HdBoard,BrkFace,53.0,TA,TA,CBlock,TA,TA,No,ALQ,192.0,Unf,0.0,728.0,920.0,GasA,Gd,Y,SBrkr,888,0,0,888,0.0,1.0,1,0,3,1,TA,5,Typ,0,,Attchd,1961.0,Unf,1.0,240.0,TA,TA,Y,0,0,0,0,0,0,,,,0,2,2007,COD,Abnorml,120000
172,198,903228150,50,RM,50.0,6000,Pave,,Reg,Lvl,AllPub,Inside,Gtl,BrkSide,Norm,Norm,1Fam,1.5Fin,6,7,1948,1950,Gable,CompShg,Wd Sdng,Wd Sdng,None,0.0,TA,TA,CBlock,TA,TA,No,Rec,300.0,Unf,0.0,480.0,780.0,GasA,TA,Y,SBrkr,780,636,0,1416,0.0,0.0,1,1,3,1,TA,6,Typ,0,,Detchd,1948.0,Unf,1.0,312.0,TA,TA,P,221,0,48,0,0,0,,,,0,3,2010,WD ,Normal,139900
228,260,907200280,20,RL,38.0,15240,Pave,,IR1,Lvl,AllPub,FR2,Gtl,CollgCr,Norm,Norm,1Fam,1Story,5,8,1977,2004,Gable,CompShg,CemntBd,CmentBd,None,0.0,Gd,Gd,CBlock,Gd,TA,No,GLQ,198.0,Rec,688.0,140.0,1026.0,GasA,Ex,Y,SBrkr,1026,0,0,1026,1.0,0.0,1,1,3,1,TA,5,Typ,0,,Attchd,1977.0,Unf,1.0,308.0,TA,TA,Y,316,85,0,0,0,0,,MnPrv,,0,6,2010,WD ,Normal,150000
1187,1323,902405070,70,RM,60.0,10800,Pave,,Reg,Lvl,AllPub,Inside,Gtl,OldTown,Norm,Norm,1Fam,2Story,7,7,1890,1999,Gable,CompShg,Wd Sdng,Wd Shng,None,0.0,TA,TA,BrkTil,TA,TA,Mn,Unf,0.0,Unf,0.0,1313.0,1313.0,GasW,Gd,Y,SBrkr,1313,1182,0,2495,0.0,0.0,2,0,5,1,TA,10,Typ,1,Gd,Detchd,1950.0,Unf,2.0,342.0,TA,Fa,Y,0,299,0,0,0,0,,,,0,12,2008,WD ,Normal,184000
595,667,535402010,90,RL,81.0,9671,Pave,,Reg,Lvl,AllPub,Corner,Gtl,NAmes,Artery,Norm,Duplex,2Story,6,5,1969,1969,Gable,CompShg,MetalSd,MetalSd,Stone,480.0,TA,TA,CBlock,TA,TA,No,Unf,0.0,Unf,0.0,1248.0,1248.0,GasA,TA,Y,SBrkr,1248,1296,0,2544,0.0,0.0,2,2,6,2,TA,12,Typ,0,,Attchd,1969.0,RFn,3.0,907.0,TA,TA,Y,0,0,0,0,0,0,,,,0,8,2009,WD ,Normal,190000
244,280,908152080,80,RL,94.0,7819,Pave,,Reg,Lvl,AllPub,Inside,Gtl,Edwards,Norm,Norm,1Fam,SLvl,6,5,1976,1976,Gable,CompShg,Plywood,Plywood,None,0.0,TA,TA,CBlock,TA,TA,Av,ALQ,422.0,BLQ,127.0,480.0,1029.0,GasA,TA,Y,SBrkr,1117,0,0,1117,1.0,0.0,1,0,3,1,TA,6,Typ,1,TA,Detchd,1976.0,Unf,2.0,672.0,TA,TA,Y,144,0,0,0,0,0,,MnPrv,,0,3,2010,WD ,Abnorml,107000
364,407,527451640,160,RM,21.0,1680,Pave,,Reg,Lvl,AllPub,Inside,Gtl,BrDale,Norm,Norm,Twnhs,2Story,6,8,1972,2007,Gable,CompShg,HdBoard,HdBoard,BrkFace,510.0,TA,TA,CBlock,TA,TA,No,ALQ,162.0,Unf,0.0,321.0,483.0,GasA,Gd,Y,SBrkr,483,504,0,987,0.0,0.0,1,1,2,1,Gd,5,Typ,0,,Detchd,1972.0,Unf,1.0,264.0,TA,TA,Y,250,0,0,0,0,0,,,,0,5,2009,WD ,Normal,118000
2457,2739,905427140,80,RL,78.0,11679,Pave,,IR1,Lvl,AllPub,Inside,Gtl,Edwards,Norm,Norm,1Fam,SLvl,5,5,1962,1962,Gable,CompShg,Plywood,Plywood,Stone,96.0,TA,TA,CBlock,TA,TA,Gd,ALQ,612.0,Rec,1164.0,0.0,1776.0,GasA,Ex,Y,SBrkr,1560,0,0,1560,0.0,1.0,2,0,3,1,TA,6,Min2,1,Fa,Attchd,1962.0,Fin,2.0,528.0,TA,TA,Y,453,253,144,0,0,0,,MnPrv,,0,5,2006,WD ,Normal,182000
1967,2190,908250100,20,RL,68.0,9450,Pave,,Reg,Bnk,AllPub,Inside,Mod,Edwards,Norm,Norm,1Fam,1Story,4,5,1954,1954,Gable,CompShg,MetalSd,MetalSd,None,0.0,TA,TA,CBlock,TA,TA,No,LwQ,552.0,Unf,0.0,342.0,894.0,GasA,Ex,Y,SBrkr,894,0,0,894,0.0,0.0,1,0,3,1,TA,5,Typ,0,,Detchd,1999.0,Unf,2.0,400.0,TA,TA,Y,0,0,0,0,0,0,,,,0,5,2007,WD ,Abnorml,110000
1206,1345,903232090,50,RM,52.0,6240,Pave,,Reg,Lvl,AllPub,Inside,Gtl,BrkSide,Norm,Norm,1Fam,1.5Fin,5,7,1930,1992,Gable,CompShg,MetalSd,MetalSd,None,0.0,TA,TA,PConc,TA,TA,No,Unf,0.0,Unf,0.0,1078.0,1078.0,GasA,TA,Y,SBrkr,1128,445,0,1573,0.0,0.0,2,0,3,1,TA,8,Typ,1,Gd,Detchd,1930.0,Unf,2.0,360.0,TA,TA,P,0,0,0,0,0,0,,,,0,6,2008,WD ,Normal,162900
2300,2568,535105160,20,RL,85.0,8500,Pave,,Reg,Lvl,AllPub,Inside,Gtl,NAmes,Norm,Norm,1Fam,1Story,5,3,1961,1961,Hip,CompShg,HdBoard,HdBoard,BrkCmn,203.0,TA,TA,CBlock,TA,TA,No,Rec,600.0,Unf,0.0,635.0,1235.0,GasA,TA,Y,SBrkr,1235,0,0,1235,0.0,0.0,1,0,2,1,TA,6,Typ,0,,Attchd,1961.0,Unf,2.0,480.0,TA,TA,Y,0,0,0,0,0,0,,GdWo,,0,12,2006,WD ,Abnorml,98600
641,721,902331010,30,C (all),,3300,Pave,,Reg,Lvl,AllPub,Inside,Gtl,OldTown,Norm,Norm,1Fam,1Story,4,3,1910,1950,Gable,CompShg,Stucco,Stucco,None,0.0,TA,TA,BrkTil,TA,TA,No,Unf,0.0,Unf,0.0,624.0,624.0,GasA,Ex,Y,SBrkr,816,0,0,816,0.0,0.0,1,0,2,1,TA,5,Typ,1,Gd,,,,0.0,0.0,,,N,0,33,0,0,0,0,,,,0,6,2009,WD ,Normal,58500
1703,1903,534450110,20,RL,50.0,5000,Pave,,Reg,Lvl,AllPub,Inside,Gtl,BrkSide,Norm,Norm,1Fam,1Story,3,3,1946,1950,Gable,CompShg,WdShing,Wd Shng,None,0.0,Fa,Fa,CBlock,Fa,Fa,No,LwQ,299.0,Unf,0.0,367.0,666.0,GasA,Fa,N,SBrkr,666,0,0,666,0.0,1.0,1,0,2,1,Gd,4,Typ,0,,,,,0.0,0.0,,,N,0,52,0,0,0,0,,MnPrv,,0,4,2007,WD ,Normal,64500
919,1029,527358120,20,RL,104.0,11361,Pave,,Reg,Lvl,AllPub,Inside,Gtl,NWAmes,Norm,Norm,1Fam,1Story,6,5,1976,1976,Gable,CompShg,Plywood,Plywood,BrkFace,160.0,TA,TA,CBlock,Gd,TA,No,ALQ,644.0,Unf,0.0,549.0,1193.0,GasA,TA,Y,SBrkr,1523,0,0,1523,0.0,1.0,2,0,3,1,TA,7,Typ,1,TA,Attchd,1976.0,Fin,2.0,478.0,TA,TA,Y,0,0,0,0,189,0,,MnPrv,,0,5,2008,COD,Abnorml,180000
2438,2719,905108120,90,RL,75.0,8235,Pave,,Reg,Lvl,AllPub,Inside,Gtl,Sawyer,Norm,Norm,Duplex,1Story,5,4,1977,1977,Gable,CompShg,Plywood,Plywood,BrkFace,99.0,TA,TA,CBlock,TA,TA,No,Rec,483.0,Unf,0.0,1466.0,1949.0,GasA,TA,Y,SBrkr,1949,0,0,1949,0.0,0.0,2,0,6,2,TA,10,Typ,0,,Attchd,1977.0,RFn,2.0,586.0,TA,TA,Y,32,0,0,0,0,0,,,,0,5,2006,WD ,Normal,157000
218,249,906225210,85,RL,73.0,9069,Pave,,Reg,Lvl,AllPub,Inside,Gtl,SawyerW,Norm,Norm,1Fam,SFoyer,6,6,1992,1992,Gable,CompShg,HdBoard,HdBoard,None,0.0,TA,TA,PConc,Gd,TA,Av,GLQ,747.0,Unf,0.0,189.0,936.0,GasA,Ex,Y,SBrkr,996,0,0,996,1.0,0.0,1,0,2,1,Gd,5,Typ,0,,Attchd,1992.0,Unf,2.0,564.0,TA,TA,Y,120,0,0,0,0,0,,,,0,4,2010,WD ,Normal,147000
1366,1527,909252220,50,RL,63.0,15564,Pave,,Reg,Lvl,AllPub,Inside,Gtl,Crawfor,Norm,Norm,1Fam,1.5Fin,6,6,1914,1995,Gable,CompShg,Wd Sdng,Wd Shng,None,0.0,TA,TA,BrkTil,Gd,TA,No,Unf,0.0,Unf,0.0,676.0,676.0,GasA,Ex,Y,SBrkr,676,588,0,1264,0.0,0.0,1,0,3,1,TA,6,Typ,0,,Detchd,1994.0,Unf,2.0,400.0,TA,TA,Y,424,0,0,0,0,0,,,Shed,400,1,2008,WD ,Normal,147500
2374,2649,902128020,20,RM,60.0,7200,Pave,Grvl,Reg,Lvl,AllPub,Inside,Gtl,OldTown,Norm,Norm,1Fam,1Story,4,5,1950,1950,Gable,CompShg,MetalSd,MetalSd,None,0.0,TA,TA,CBlock,TA,TA,No,Unf,0.0,Unf,0.0,576.0,576.0,GasA,Ex,Y,SBrkr,864,0,0,864,0.0,0.0,1,0,2,1,TA,5,Typ,0,,Detchd,1952.0,RFn,1.0,528.0,TA,TA,Y,0,0,0,0,115,0,,,,0,8,2006,COD,Normal,105000
890,995,527106140,60,RL,59.0,9535,Pave,,IR1,Lvl,AllPub,Inside,Gtl,Gilbert,Norm,Norm,1Fam,2Story,6,5,1998,1998,Gable,CompShg,VinylSd,VinylSd,None,0.0,TA,TA,PConc,Gd,TA,Gd,GLQ,851.0,Unf,0.0,75.0,926.0,GasA,Ex,Y,SBrkr,926,678,0,1604,0.0,0.0,2,1,3,1,TA,7,Typ,0,,Attchd,1998.0,Fin,2.0,472.0,TA,TA,Y,100,82,0,0,0,0,,,,0,5,2008,WD ,Normal,195500
949,1060,528118090,60,RL,96.0,12539,Pave,,Reg,Lvl,AllPub,Inside,Gtl,NridgHt,PosN,Norm,1Fam,2Story,10,5,2005,2006,Hip,CompShg,CemntBd,CmentBd,BrkFace,468.0,Ex,TA,PConc,Ex,TA,Gd,GLQ,1082.0,Unf,0.0,538.0,1620.0,GasA,Ex,Y,SBrkr,1632,1158,0,2790,1.0,0.0,2,1,4,1,Ex,10,Typ,1,Ex,BuiltIn,2005.0,Fin,4.0,1150.0,TA,TA,Y,30,200,0,0,192,0,,,,0,6,2008,WD ,Normal,460000
684,767,904351200,70,RH,54.0,6629,Pave,,Reg,Lvl,AllPub,Inside,Gtl,Edwards,Artery,Norm,1Fam,2Story,6,6,1925,1950,Gambrel,CompShg,Wd Sdng,Wd Sdng,None,0.0,TA,Gd,BrkTil,TA,TA,No,BLQ,551.0,Unf,0.0,121.0,672.0,GasA,TA,N,SBrkr,697,672,0,1369,1.0,0.0,2,0,3,1,TA,6,Typ,0,,Detchd,1930.0,Unf,1.0,300.0,TA,TA,Y,147,0,0,0,0,0,,,,0,7,2009,WD ,Normal,103600
110,130,534450180,20,RL,50.0,7207,Pave,,IR1,Lvl,AllPub,Inside,Gtl,BrkSide,Norm,Norm,1Fam,1Story,5,7,1958,2008,Gable,CompShg,Wd Sdng,Plywood,None,0.0,TA,Gd,CBlock,TA,TA,Gd,BLQ,696.0,Unf,0.0,162.0,858.0,GasA,Gd,Y,SBrkr,858,0,0,858,1.0,0.0,1,0,2,1,TA,4,Typ,0,,,,,0.0,0.0,,,Y,117,0,0,0,0,0,,,,0,2,2010,WD ,Normal,116500
2411,2691,903451050,50,RM,60.0,10320,Pave,Grvl,Reg,Lvl,AllPub,Inside,Gtl,IDOTRR,Norm,Norm,1Fam,1.5Fin,4,5,1924,1950,Gable,CompShg,MetalSd,MetalSd,None,0.0,TA,TA,BrkTil,TA,Fa,No,Unf,0.0,Unf,0.0,596.0,596.0,GasA,Po,Y,FuseF,834,596,0,1430,0.0,0.0,2,0,3,1,Fa,7,Typ,0,,Detchd,1924.0,Unf,2.0,370.0,Fa,Fa,Y,218,0,0,0,210,0,,,,0,10,2006,WD ,Abnorml,107000
154,179,902206130,45,RM,50.0,6900,Pave,,Reg,Lvl,AllPub,Corner,Gtl,OldTown,Norm,Norm,1Fam,1.5Fin,6,7,1938,2000,Gable,CompShg,MetalSd,MetalSd,None,0.0,TA,TA,PConc,Gd,TA,No,Unf,0.0,Unf,0.0,827.0,827.0,GasA,Gd,Y,SBrkr,827,424,0,1251,0.0,0.0,1,0,3,1,Fa,6,Typ,0,,Detchd,1938.0,Unf,1.0,240.0,Fa,TA,N,0,0,0,0,0,0,,,,0,1,2010,WD ,Normal,119000
506,569,533213010,120,FV,,3830,Pave,Pave,IR1,Lvl,AllPub,Inside,Gtl,Somerst,Norm,Norm,TwnhsE,1Story,6,5,2008,2008,Gable,CompShg,VinylSd,VinylSd,Stone,280.0,Gd,TA,PConc,Gd,TA,No,Unf,0.0,Unf,0.0,1726.0,1726.0,GasA,Ex,Y,SBrkr,1726,0,0,1726,0.0,0.0,2,1,2,1,Gd,6,Typ,1,Gd,Attchd,2008.0,Fin,2.0,561.0,TA,TA,Y,0,254,0,0,0,0,,,,0,1,2009,New,Partial,222000
1557,1743,528228275,120,RL,53.0,3922,Pave,,Reg,Lvl,AllPub,Inside,Gtl,Blmngtn,Norm,Norm,TwnhsE,1Story,7,5,2006,2007,Gable,CompShg,VinylSd,VinylSd,BrkFace,72.0,Gd,TA,PConc,Ex,TA,Av,Unf,0.0,Unf,0.0,1258.0,1258.0,GasA,Ex,Y,SBrkr,1402,0,0,1402,0.0,2.0,0,2,2,1,Gd,7,Typ,1,Gd,Attchd,2006.0,Fin,3.0,648.0,TA,TA,Y,120,16,0,0,0,0,,,,0,2,2007,New,Partial,194201
1192,1329,903204010,50,RM,,7425,Pave,,IR1,Bnk,AllPub,Corner,Gtl,BrkSide,RRAn,Artery,1Fam,1.5Fin,7,7,1945,1950,Gable,CompShg,Wd Sdng,Wd Sdng,None,0.0,TA,TA,CBlock,TA,Fa,No,Unf,0.0,Unf,0.0,672.0,672.0,GasA,Gd,Y,SBrkr,1195,473,0,1668,0.0,0.0,1,1,3,1,Gd,8,Typ,0,,Attchd,1945.0,Unf,1.0,252.0,TA,TA,Y,210,0,0,0,0,0,,,,0,8,2008,WD ,Abnorml,108000
2352,2624,535453160,20,RL,70.0,7560,Pave,,Reg,Lvl,AllPub,Inside,Gtl,NAmes,Norm,Norm,1Fam,1Story,5,5,1959,1959,Gable,CompShg,BrkFace,Wd Sdng,None,0.0,TA,TA,CBlock,TA,TA,No,LwQ,369.0,Unf,0.0,671.0,1040.0,GasA,TA,Y,FuseA,1040,0,0,1040,0.0,0.0,1,0,3,1,TA,6,Typ,0,,Attchd,1959.0,RFn,1.0,286.0,TA,TA,Y,140,0,252,0,0,0,,GdWo,,0,7,2006,WD ,Normal,133700
1659,1853,533244040,60,FV,106.0,8413,Pave,,IR1,Lvl,AllPub,Inside,Gtl,Somerst,Norm,Norm,1Fam,2Story,8,5,1998,1998,Gable,CompShg,VinylSd,VinylSd,None,0.0,Gd,Gd,PConc,Ex,TA,Mn,GLQ,901.0,Unf,0.0,319.0,1220.0,GasA,Ex,Y,SBrkr,1220,1142,0,2362,1.0,0.0,2,1,3,1,Gd,8,Typ,2,TA,Attchd,1998.0,RFn,2.0,1105.0,Gd,TA,Y,147,0,36,0,144,0,,,,0,6,2007,WD ,Normal,312500
1070,1192,534177180,60,RL,90.0,10800,Pave,,Reg,Lvl,AllPub,Inside,Gtl,NWAmes,Norm,Norm,1Fam,2Story,6,7,1974,1997,Gable,CompShg,HdBoard,HdBoard,None,0.0,TA,TA,CBlock,TA,TA,No,ALQ,956.0,Rec,182.0,384.0,1522.0,GasA,TA,Y,SBrkr,1548,1066,0,2614,0.0,0.0,2,1,4,1,TA,9,Typ,1,TA,Attchd,1974.0,RFn,2.0,624.0,TA,TA,Y,38,243,0,0,0,0,,,,0,6,2008,WD ,Normal,240000
2433,2713,905106210,20,RL,,11553,Pave,,IR1,Lvl,AllPub,Inside,Gtl,Sawyer,Norm,Norm,1Fam,1Story,5,5,1968,1968,Hip,CompShg,Plywood,Plywood,BrkFace,188.0,TA,TA,CBlock,TA,TA,No,BLQ,673.0,Unf,0.0,378.0,1051.0,GasA,TA,Y,SBrkr,1159,0,0,1159,0.0,0.0,1,1,3,1,TA,7,Typ,1,Fa,Attchd,1968.0,Unf,1.0,336.0,TA,TA,Y,466,0,0,0,0,0,,,,0,7,2006,WD ,Normal,158000
1778,1982,902201090,50,RM,120.0,9000,Pave,,Reg,Lvl,AllPub,Corner,Gtl,OldTown,Norm,Norm,1Fam,1.5Fin,5,8,1900,2006,Gable,CompShg,Stucco,Stucco,None,0.0,TA,TA,BrkTil,TA,Fa,No,BLQ,130.0,Unf,0.0,550.0,680.0,GasA,Ex,Y,SBrkr,680,494,0,1174,0.0,0.0,1,0,2,1,Gd,6,Typ,1,Gd,Detchd,2000.0,Unf,2.0,576.0,TA,TA,Y,116,26,40,0,0,0,,MnPrv,,0,6,2007,WD ,Normal,135000
774,865,907252210,20,RL,,11838,Pave,,Reg,Lvl,AllPub,Inside,Gtl,CollgCr,Norm,Norm,1Fam,1Story,8,5,2001,2001,Hip,CompShg,VinylSd,VinylSd,None,0.0,Gd,TA,PConc,Gd,TA,Av,Unf,0.0,Unf,0.0,1753.0,1753.0,GasA,Ex,Y,SBrkr,1788,0,0,1788,0.0,0.0,2,0,3,1,Ex,7,Typ,1,TA,Attchd,2001.0,RFn,2.0,522.0,TA,TA,Y,202,151,0,0,0,0,,,,0,6,2009,WD ,Normal,236500
2564,2855,909254070,70,RL,54.0,7588,Pave,,Reg,Lvl,AllPub,Inside,Gtl,Crawfor,Norm,Norm,1Fam,2Story,7,6,1920,1950,Gable,CompShg,Stucco,Stucco,None,0.0,TA,TA,BrkTil,Fa,TA,No,LwQ,352.0,Unf,0.0,441.0,793.0,GasA,Gd,Y,SBrkr,901,901,0,1802,0.0,0.0,1,1,4,1,TA,9,Typ,1,Gd,Detchd,1920.0,Unf,1.0,216.0,Fa,TA,Y,0,0,40,0,0,0,,,,0,7,2006,WD ,Normal,200100
2379,2656,902207080,20,RM,49.0,5820,Pave,,Reg,Lvl,AllPub,Inside,Gtl,OldTown,Norm,Norm,1Fam,1Story,3,8,1955,2005,Gable,CompShg,VinylSd,VinylSd,None,0.0,TA,Gd,CBlock,TA,TA,No,ALQ,256.0,Unf,0.0,906.0,1162.0,GasA,Ex,Y,SBrkr,1163,0,0,1163,1.0,0.0,1,0,3,1,TA,6,Typ,0,,Attchd,1955.0,Unf,1.0,220.0,Fa,TA,Y,142,98,0,0,0,0,,,,0,7,2006,WD ,Normal,126175
325,367,527214050,20,RL,63.0,17423,Pave,,IR1,Lvl,AllPub,CulDSac,Gtl,StoneBr,Norm,Norm,1Fam,1Story,9,5,2008,2009,Hip,CompShg,VinylSd,VinylSd,Stone,748.0,Ex,TA,PConc,Ex,TA,No,GLQ,1904.0,Unf,0.0,312.0,2216.0,GasA,Ex,Y,SBrkr,2234,0,0,2234,1.0,0.0,2,0,1,1,Ex,9,Typ,1,Gd,Attchd,2009.0,Fin,3.0,1166.0,TA,TA,Y,0,60,0,0,0,0,,,,0,7,2009,New,Partial,501837
58,69,528458070,60,FV,72.0,8640,Pave,,Reg,Lvl,AllPub,Inside,Gtl,Somerst,Norm,Norm,1Fam,2Story,7,5,2009,2009,Gable,CompShg,VinylSd,VinylSd,None,0.0,TA,TA,PConc,Gd,TA,Mn,GLQ,24.0,Unf,0.0,732.0,756.0,GasA,Ex,Y,SBrkr,764,783,0,1547,0.0,0.0,2,1,3,1,Gd,7,Typ,0,,Attchd,2009.0,Unf,2.0,614.0,TA,TA,Y,169,45,0,0,0,0,,,,0,6,2010,Con,Normal,215200
398,448,528166060,20,RL,103.0,13472,Pave,,Reg,Lvl,AllPub,Inside,Gtl,NridgHt,Norm,Norm,1Fam,1Story,10,5,2003,2003,Hip,CompShg,VinylSd,VinylSd,BrkFace,922.0,Ex,TA,PConc,Ex,TA,Gd,GLQ,56.0,Unf,0.0,2336.0,2392.0,GasA,Ex,Y,SBrkr,2392,0,0,2392,0.0,0.0,2,0,3,1,Ex,8,Typ,1,Ex,Attchd,2003.0,Fin,3.0,968.0,TA,TA,Y,248,105,0,0,0,0,,,,0,6,2009,WD ,Normal,386250
1261,1405,905403060,50,RL,50.0,5190,Pave,,Reg,Lvl,AllPub,Inside,Gtl,Edwards,Norm,Norm,1Fam,1.5Fin,7,5,1948,1950,Gable,CompShg,BrkFace,Plywood,None,0.0,TA,TA,CBlock,TA,TA,No,Unf,0.0,Unf,0.0,570.0,570.0,GasA,TA,Y,SBrkr,617,462,0,1079,0.0,0.0,1,0,2,1,TA,5,Typ,1,Gd,Attchd,1948.0,Unf,1.0,249.0,TA,TA,Y,135,0,0,0,0,0,,,,0,1,2008,WD ,Normal,125600
1413,1582,916402215,20,RL,93.0,18265,Pave,,Reg,Lvl,AllPub,Corner,Gtl,Timber,Norm,Norm,1Fam,1Story,6,5,1986,1986,Gable,CompShg,Plywood,HdBoard,BrkFace,228.0,Gd,Gd,CBlock,Gd,Gd,Av,GLQ,920.0,Rec,60.0,276.0,1256.0,GasA,Ex,Y,SBrkr,1256,0,0,1256,0.0,0.0,2,0,3,1,Gd,6,Typ,1,Fa,Attchd,1986.0,Unf,2.0,578.0,TA,TA,Y,282,0,0,0,0,0,,,,0,3,2008,WD ,Normal,180000
1253,1396,905226110,190,RL,,10532,Pave,,Reg,Lvl,AllPub,Corner,Gtl,ClearCr,Norm,Norm,1Fam,1Story,5,3,1960,1960,Flat,Tar&Grv,Plywood,Plywood,Stone,275.0,TA,TA,CBlock,TA,TA,Mn,Rec,988.0,Unf,0.0,0.0,988.0,GasA,Gd,Y,SBrkr,1721,0,0,1721,1.0,0.0,2,0,3,1,TA,7,Mod,2,TA,Basment,1960.0,Unf,2.0,626.0,TA,TA,Y,50,84,0,0,0,0,,,,0,12,2008,WD ,Abnorml,145000
1415,1584,916455120,20,RL,82.0,11202,Pave,,IR1,Lvl,AllPub,Inside,Gtl,Timber,Norm,Norm,1Fam,1Story,8,5,2003,2003,Hip,CompShg,VinylSd,VinylSd,BrkFace,206.0,Gd,TA,PConc,Ex,TA,Av,GLQ,1029.0,Unf,0.0,403.0,1432.0,GasA,Ex,Y,SBrkr,1440,0,0,1440,1.0,0.0,2,0,3,1,Gd,7,Typ,1,TA,Attchd,2003.0,Fin,2.0,467.0,TA,TA,Y,185,95,0,0,0,0,,,,0,6,2008,WD ,Normal,232500
1918,2136,907200190,80,RL,59.0,8660,Pave,,IR1,Lvl,AllPub,Inside,Gtl,CollgCr,Norm,Norm,1Fam,SLvl,5,5,1976,1976,Gable,CompShg,VinylSd,VinylSd,BrkFace,113.0,TA,Gd,CBlock,Gd,TA,Av,GLQ,502.0,Unf,0.0,513.0,1015.0,GasA,TA,Y,SBrkr,1025,0,0,1025,0.0,0.0,2,0,3,1,TA,6,Typ,1,Fa,Detchd,1979.0,Unf,2.0,370.0,TA,TA,Y,127,0,0,0,0,0,,,,0,7,2007,WD ,Normal,153500
445,501,528363050,20,RL,,10750,Pave,,IR1,Lvl,AllPub,CulDSac,Gtl,NoRidge,Norm,Norm,1Fam,1Story,8,5,1994,1995,Hip,CompShg,Wd Sdng,Wd Sdng,BrkFace,634.0,Gd,TA,PConc,Gd,TA,Av,BLQ,236.0,GLQ,1526.0,262.0,2024.0,GasA,Ex,Y,SBrkr,2063,0,0,2063,1.0,0.0,2,0,3,1,Gd,7,Typ,2,Gd,Attchd,1994.0,Fin,3.0,815.0,TA,TA,Y,182,56,0,0,0,0,,,,0,6,2009,WD ,Normal,315000
1517,1695,528108160,60,RL,109.0,14154,Pave,,Reg,Lvl,AllPub,Corner,Gtl,NridgHt,Norm,Norm,1Fam,2Story,7,5,2006,2006,Gable,CompShg,VinylSd,VinylSd,BrkFace,350.0,Gd,TA,PConc,Ex,Gd,No,Unf,0.0,Unf,0.0,1063.0,1063.0,GasA,Ex,Y,SBrkr,1071,1101,0,2172,0.0,0.0,2,1,3,1,Gd,9,Typ,1,Gd,Attchd,2006.0,RFn,3.0,947.0,TA,TA,Y,192,62,0,0,0,0,,,,0,8,2007,New,Partial,280000
536,601,534275100,20,RL,65.0,8125,Pave,,Reg,Lvl,AllPub,Inside,Gtl,NAmes,Norm,Norm,1Fam,1Story,5,7,1959,1959,Hip,CompShg,MetalSd,MetalSd,None,0.0,TA,TA,CBlock,TA,TA,No,BLQ,403.0,Unf,0.0,461.0,864.0,GasA,Ex,Y,SBrkr,864,0,0,864,0.0,0.0,1,0,3,1,TA,5,Typ,0,,Detchd,1960.0,Unf,1.0,308.0,TA,TA,Y,0,0,0,0,0,0,,,,0,9,2009,WD ,Normal,118000
2540,2829,908188110,160,RM,24.0,2522,Pave,,Reg,Lvl,AllPub,Inside,Gtl,Edwards,Norm,Norm,Twnhs,2Story,7,5,2004,2004,Gable,CompShg,VinylSd,VinylSd,Stone,50.0,Gd,TA,PConc,Gd,TA,No,Unf,0.0,Unf,0.0,970.0,970.0,GasA,Ex,Y,SBrkr,970,739,0,1709,0.0,0.0,2,0,3,1,Gd,7,Maj1,0,,Detchd,2004.0,Unf,2.0,380.0,TA,TA,Y,0,40,0,0,0,0,,,,0,5,2006,WD ,Normal,134000
593,665,535383110,30,RL,60.0,10800,Pave,Grvl,Reg,Lvl,AllPub,Inside,Gtl,OldTown,Norm,Norm,1Fam,1Story,5,7,1920,1950,Gable,CompShg,Wd Sdng,Wd Sdng,None,0.0,TA,TA,BrkTil,TA,TA,No,Unf,0.0,Unf,0.0,720.0,720.0,GasA,TA,N,SBrkr,846,0,0,846,0.0,0.0,1,0,2,1,Gd,4,Typ,0,,Detchd,1980.0,Fin,2.0,576.0,TA,TA,N,0,0,0,0,0,0,,,,0,6,2009,WD ,Normal,106000
1508,1685,528102050,20,RL,96.0,12469,Pave,,Reg,Lvl,AllPub,FR2,Gtl,NridgHt,Norm,Norm,1Fam,1Story,9,5,2006,2007,Hip,CompShg,VinylSd,VinylSd,Stone,378.0,Ex,TA,PConc,Ex,TA,Gd,GLQ,1151.0,Unf,0.0,639.0,1790.0,GasA,Ex,Y,SBrkr,1816,0,0,1816,1.0,0.0,2,0,3,1,Ex,7,Typ,1,Gd,Attchd,2007.0,Fin,3.0,730.0,TA,TA,Y,186,36,0,0,0,0,,,,0,8,2007,New,Partial,356000
2106,2350,527355280,20,RL,79.0,10240,Pave,,Reg,Lvl,AllPub,Inside,Gtl,NWAmes,Norm,Norm,1Fam,1Story,6,6,1980,1980,Gable,CompShg,Plywood,Plywood,BrkFace,157.0,TA,Gd,CBlock,Gd,TA,No,BLQ,625.0,LwQ,1061.0,0.0,1686.0,GasA,TA,Y,SBrkr,1686,0,0,1686,1.0,0.0,2,0,3,1,TA,7,Typ,1,TA,Attchd,1980.0,Unf,2.0,612.0,TA,TA,Y,384,131,0,0,0,0,,,,0,5,2006,WD ,Normal,207500
2273,2537,534201300,85,RL,70.0,8400,Pave,,Reg,Lvl,AllPub,Inside,Gtl,NAmes,Feedr,Norm,1Fam,SFoyer,5,6,1968,1968,Gable,CompShg,HdBoard,HdBoard,None,0.0,TA,TA,CBlock,Gd,TA,Gd,GLQ,744.0,Unf,0.0,89.0,833.0,GasA,Gd,Y,SBrkr,898,0,0,898,1.0,0.0,1,0,3,1,TA,6,Typ,0,,Attchd,1968.0,RFn,1.0,326.0,TA,TA,Y,143,0,0,0,0,0,,,,0,8,2006,WD ,Normal,140000
797,894,908201040,20,RL,50.0,9405,Pave,,Reg,Lvl,AllPub,Inside,Gtl,Edwards,Norm,Norm,1Fam,1Story,5,9,1947,2008,Hip,CompShg,VinylSd,VinylSd,None,0.0,TA,Ex,CBlock,TA,TA,No,Unf,0.0,Unf,0.0,698.0,698.0,GasA,Ex,Y,SBrkr,698,0,0,698,0.0,1.0,1,0,2,1,TA,4,Typ,0,,,,,0.0,0.0,,,Y,0,200,0,0,0,0,,,,0,6,2009,WD ,Normal,118000
1166,1300,902201120,20,RM,50.0,6000,Pave,,Reg,Lvl,AllPub,Inside,Gtl,OldTown,Norm,Norm,1Fam,1Story,5,5,1948,1950,Gable,CompShg,VinylSd,VinylSd,None,0.0,TA,TA,CBlock,TA,TA,No,ALQ,104.0,BLQ,169.0,516.0,789.0,GasA,Ex,Y,SBrkr,789,0,0,789,0.0,0.0,1,0,2,1,TA,5,Typ,0,,Detchd,1948.0,Unf,1.0,250.0,TA,TA,Y,0,0,0,0,0,0,,,,0,4,2008,WD ,Partial,115000
457,516,528456220,60,FV,75.0,9000,Pave,,Reg,Lvl,AllPub,Inside,Gtl,Somerst,Norm,Norm,1Fam,2Story,8,5,2008,2008,Gable,CompShg,VinylSd,VinylSd,None,0.0,Gd,TA,PConc,Gd,TA,No,Unf,0.0,Unf,0.0,768.0,768.0,GasA,Ex,Y,SBrkr,786,804,0,1590,0.0,0.0,2,1,3,1,Gd,6,Typ,0,,Attchd,2008.0,RFn,2.0,676.0,TA,TA,Y,0,30,0,0,0,0,,,,0,6,2009,WD ,Normal,210000
2396,2673,903206160,70,RL,69.0,11737,Pave,,IR1,Bnk,AllPub,Inside,Gtl,BrkSide,Norm,Norm,1Fam,2Story,6,7,1924,1996,Gambrel,CompShg,BrkComm,Stucco,None,0.0,TA,TA,BrkTil,TA,TA,No,Unf,0.0,Unf,0.0,848.0,848.0,GasW,TA,N,SBrkr,1017,810,0,1827,0.0,0.0,1,0,2,1,TA,9,Typ,1,Gd,Detchd,1943.0,Unf,1.0,240.0,Fa,TA,Y,27,36,42,0,0,0,,GdPrv,,0,5,2006,WD ,Normal,202500
939,1050,527455270,20,RL,,9477,Pave,,Reg,Lvl,AllPub,Corner,Gtl,NAmes,Norm,Norm,1Fam,1Story,5,5,1966,1966,Gable,CompShg,HdBoard,HdBoard,BrkFace,65.0,TA,TA,CBlock,TA,TA,No,Rec,340.0,Unf,0.0,524.0,864.0,GasA,TA,Y,SBrkr,892,0,0,892,0.0,0.0,1,0,3,1,TA,5,Typ,0,,Attchd,1966.0,RFn,1.0,264.0,TA,TA,Y,0,0,0,0,0,0,,GdWo,,0,10,2008,WD ,Normal,110000
847,950,914474070,60,RL,71.0,12209,Pave,,IR1,Lvl,AllPub,CulDSac,Gtl,Mitchel,Norm,Norm,1Fam,2Story,6,5,2001,2002,Gable,CompShg,VinylSd,VinylSd,None,0.0,TA,TA,PConc,Ex,TA,No,ALQ,690.0,Unf,0.0,114.0,804.0,GasA,Ex,Y,SBrkr,804,1157,0,1961,1.0,0.0,2,1,3,1,Gd,7,Typ,1,TA,BuiltIn,2001.0,Fin,2.0,560.0,TA,TA,Y,125,192,0,0,0,0,,,,0,6,2009,WD ,Normal,215000
2189,2443,528315030,60,RL,82.0,9452,Pave,,Reg,Lvl,AllPub,Inside,Gtl,NoRidge,Norm,Norm,1Fam,2Story,8,5,1997,1998,Gable,CompShg,VinylSd,VinylSd,BrkFace,423.0,Gd,TA,PConc,Gd,TA,No,GLQ,1074.0,Unf,0.0,322.0,1396.0,GasA,Ex,Y,SBrkr,1407,985,0,2392,1.0,0.0,2,1,3,1,Gd,7,Typ,1,TA,Attchd,1997.0,Fin,3.0,870.0,TA,TA,Y,0,70,0,0,0,0,,,,0,6,2006,WD ,Normal,348000
2554,2844,909101330,30,RL,60.0,8088,Pave,Grvl,Reg,Lvl,AllPub,Inside,Gtl,Edwards,Feedr,Norm,1Fam,1Story,2,3,1922,1955,Gable,CompShg,MetalSd,MetalSd,None,0.0,TA,TA,BrkTil,TA,TA,No,Unf,0.0,Unf,0.0,498.0,498.0,GasA,TA,N,FuseF,498,0,0,498,0.0,0.0,1,0,1,1,TA,3,Typ,0,,Detchd,1922.0,Unf,1.0,216.0,Fa,Fa,N,0,0,100,0,0,0,,,,0,2,2006,ConLD,Normal,35000
1500,1676,527450030,160,RM,21.0,2205,Pave,,Reg,Lvl,AllPub,Inside,Gtl,BrDale,Norm,Norm,Twnhs,2Story,6,6,1973,1973,Gable,CompShg,HdBoard,HdBoard,BrkFace,567.0,TA,TA,CBlock,TA,TA,No,ALQ,312.0,Unf,0.0,213.0,525.0,GasA,TA,Y,SBrkr,525,567,0,1092,0.0,0.0,1,1,3,1,TA,6,Typ,0,,Detchd,1973.0,Unf,1.0,264.0,TA,TA,Y,144,0,0,0,0,0,,,,0,2,2007,WD ,Normal,113500
2587,2878,910226060,50,RM,75.0,9060,Pave,,Reg,Lvl,AllPub,Inside,Gtl,IDOTRR,Norm,Norm,1Fam,1.5Fin,6,5,1957,1957,Gable,CompShg,MetalSd,MetalSd,BrkFace,327.0,TA,TA,CBlock,TA,TA,No,Unf,0.0,Unf,0.0,967.0,967.0,GasA,Gd,Y,SBrkr,967,671,0,1638,0.0,0.0,2,0,4,1,Gd,6,Typ,0,,Detchd,1957.0,Unf,1.0,384.0,TA,TA,Y,0,21,0,0,0,0,,,,0,4,2006,WD ,Normal,139000
2389,2666,902400090,30,RM,84.0,11340,Pave,,Reg,Lvl,AllPub,Corner,Gtl,OldTown,Norm,Norm,1Fam,1Story,6,5,1923,1950,Gable,CompShg,Wd Sdng,Wd Sdng,None,0.0,TA,TA,BrkTil,TA,TA,No,Unf,0.0,Unf,0.0,1200.0,1200.0,GasA,TA,Y,FuseA,1200,0,0,1200,0.0,0.0,1,0,4,1,TA,7,Typ,0,,Detchd,1923.0,Unf,1.0,312.0,Fa,Fa,Y,0,0,228,0,0,0,,,,0,3,2006,WD ,Family,125000
1781,1987,902206270,70,RM,57.0,9639,Pave,,Reg,Lvl,AllPub,Inside,Gtl,OldTown,Artery,Norm,1Fam,2Story,4,8,1900,1950,Gable,CompShg,MetalSd,MetalSd,None,0.0,TA,TA,PConc,TA,TA,No,Unf,0.0,Unf,0.0,1075.0,1075.0,GasA,Ex,Y,SBrkr,1156,642,0,1798,0.0,0.0,2,1,4,1,TA,7,Typ,0,,Detchd,1935.0,Unf,2.0,342.0,TA,TA,N,0,0,160,0,0,0,,MnPrv,,0,5,2007,WD ,Normal,137000
1969,2192,908275200,20,RL,60.0,8172,Pave,,Reg,Lvl,AllPub,Inside,Gtl,Edwards,Norm,Norm,1Fam,1Story,4,5,1955,1955,Gable,CompShg,MetalSd,MetalSd,None,0.0,TA,TA,CBlock,TA,TA,No,BLQ,544.0,Unf,0.0,224.0,768.0,GasA,TA,Y,SBrkr,768,0,0,768,0.0,0.0,1,0,2,1,TA,4,Typ,1,Fa,Detchd,1959.0,Unf,1.0,355.0,TA,TA,Y,0,0,196,0,0,0,,MnPrv,,0,7,2007,WD ,Normal,125000
2484,2768,906476140,20,RL,80.0,12000,Pave,,Reg,Lvl,AllPub,Inside,Gtl,ClearCr,Norm,Norm,1Fam,1Story,6,5,1968,1968,Gable,CompShg,Plywood,Plywood,None,0.0,TA,Fa,CBlock,Gd,Fa,No,LwQ,853.0,Unf,0.0,535.0,1388.0,GasA,Gd,Y,SBrkr,1388,0,0,1388,1.0,0.0,2,0,3,1,TA,6,Typ,1,Po,Attchd,1968.0,RFn,2.0,522.0,TA,TA,Y,0,58,0,0,0,0,,,,0,7,2006,COD,Abnorml,158900
719,805,906223080,60,RL,85.0,10560,Pave,,Reg,Lvl,AllPub,Corner,Gtl,SawyerW,Norm,Norm,1Fam,2Story,7,5,1993,1994,Gable,CompShg,VinylSd,VinylSd,None,0.0,Gd,Gd,PConc,Gd,Gd,No,GLQ,474.0,Unf,0.0,605.0,1079.0,GasA,Ex,Y,SBrkr,1079,800,0,1879,1.0,0.0,2,1,3,1,Gd,8,Typ,1,TA,Attchd,1993.0,RFn,2.0,473.0,TA,TA,Y,400,100,144,0,0,0,,MnPrv,,0,8,2009,WD ,Normal,239900
960,1071,528180140,120,RL,65.0,8769,Pave,,Reg,Lvl,AllPub,Corner,Gtl,NridgHt,Norm,Norm,TwnhsE,1Story,9,5,2008,2008,Hip,CompShg,MetalSd,MetalSd,BrkFace,766.0,Ex,TA,PConc,Ex,TA,No,GLQ,1540.0,Unf,0.0,162.0,1702.0,GasA,Ex,Y,SBrkr,1702,0,0,1702,1.0,0.0,1,1,1,1,Ex,7,Typ,1,Gd,Attchd,2008.0,Fin,3.0,1052.0,TA,TA,Y,0,72,0,0,224,0,,,,0,10,2008,New,Partial,367294
2063,2299,923251160,20,RL,124.0,27697,Pave,,Reg,Lvl,AllPub,Inside,Gtl,Mitchel,Norm,Norm,1Fam,1Story,4,3,1961,1961,Shed,CompShg,Plywood,Plywood,CBlock,198.0,TA,TA,CBlock,TA,TA,No,BLQ,811.0,Unf,0.0,585.0,1396.0,GasA,TA,N,SBrkr,1608,0,0,1608,0.0,0.0,1,0,3,1,TA,6,Typ,0,,Attchd,1961.0,Unf,1.0,444.0,TA,Fa,Y,152,38,0,0,0,0,,,,0,11,2007,COD,Abnorml,80000
2370,2644,902109010,30,RM,70.0,5684,Pave,,Reg,Lvl,AllPub,Inside,Gtl,OldTown,Norm,Norm,1Fam,1Story,6,8,1930,2005,Hip,CompShg,Wd Sdng,Wd Sdng,None,0.0,TA,TA,BrkTil,TA,TA,No,Unf,0.0,Unf,0.0,813.0,813.0,GasA,Ex,Y,FuseA,813,0,0,813,0.0,0.0,1,0,2,1,Gd,5,Typ,0,,Detchd,1932.0,Unf,1.0,270.0,Fa,Fa,N,0,113,0,0,0,0,,,,0,6,2006,WD ,Normal,110000
1852,2064,905200010,20,RL,,8169,Pave,,Reg,Lvl,AllPub,Corner,Gtl,Sawyer,Feedr,Norm,1Fam,1Story,5,7,1966,1966,Gable,CompShg,Plywood,Plywood,None,0.0,TA,Gd,CBlock,TA,TA,No,Rec,216.0,ALQ,435.0,261.0,912.0,GasA,Ex,Y,SBrkr,912,0,0,912,1.0,0.0,1,0,3,1,Gd,6,Typ,0,,Detchd,1966.0,Unf,1.0,315.0,TA,TA,Y,204,0,0,0,0,0,,MnPrv,,0,7,2007,WD ,Normal,129000
835,936,909451180,160,RM,24.0,1300,Pave,,Reg,Lvl,AllPub,Inside,Gtl,Blueste,Norm,Norm,TwnhsE,2Story,6,6,1980,1980,Gable,CompShg,MetalSd,MetalSd,None,0.0,TA,TA,CBlock,Gd,TA,No,ALQ,285.0,Unf,0.0,276.0,561.0,GasA,TA,Y,SBrkr,561,668,0,1229,0.0,0.0,1,1,2,1,TA,5,Typ,1,TA,Attchd,1980.0,Fin,2.0,462.0,TA,TA,Y,150,0,0,0,0,0,,GdPrv,,0,5,2009,WD ,Normal,124000
1705,1905,534453080,20,RL,50.0,5175,Pave,,Reg,Lvl,AllPub,Inside,Gtl,BrkSide,RRAn,Feedr,1Fam,1Story,5,8,1958,2000,Gable,CompShg,VinylSd,VinylSd,None,0.0,TA,TA,CBlock,TA,TA,No,BLQ,150.0,ALQ,404.0,254.0,808.0,GasA,Ex,Y,SBrkr,808,0,0,808,0.0,0.0,1,0,2,1,TA,5,Typ,0,,Detchd,1963.0,Unf,1.0,308.0,TA,TA,N,143,0,0,0,0,0,,,,0,7,2007,COD,Normal,112000
2201,2456,528429100,20,RL,49.0,15218,Pave,,IR1,Lvl,AllPub,CulDSac,Gtl,Somerst,RRAn,Norm,1Fam,1Story,8,5,2006,2006,Gable,CompShg,VinylSd,VinylSd,,,Gd,TA,PConc,Ex,Gd,No,GLQ,1562.0,Unf,0.0,108.0,1670.0,GasA,Ex,Y,SBrkr,1670,0,0,1670,1.0,0.0,2,1,2,1,Gd,6,Typ,1,Gd,Attchd,2006.0,RFn,3.0,928.0,TA,TA,Y,0,240,200,0,0,0,,,,0,9,2006,New,Partial,336820
1111,1238,535152200,20,RL,74.0,8856,Pave,,Reg,Lvl,AllPub,Inside,Gtl,NAmes,Norm,Norm,1Fam,1Story,5,4,1957,1957,Gable,CompShg,Wd Sdng,Wd Sdng,BrkFace,143.0,TA,TA,CBlock,TA,TA,No,ALQ,621.0,LwQ,52.0,503.0,1176.0,GasA,TA,Y,SBrkr,1176,0,0,1176,1.0,0.0,1,0,3,1,TA,6,Typ,2,Gd,Attchd,1957.0,RFn,1.0,292.0,TA,TA,Y,0,88,0,0,95,0,,,,0,5,2008,WD ,Normal,136500
453,511,528435050,20,RL,85.0,10130,Pave,,Reg,Lvl,AllPub,Inside,Gtl,Somerst,Norm,Norm,1Fam,1Story,8,5,2007,2007,Gable,CompShg,VinylSd,VinylSd,Stone,260.0,Gd,TA,PConc,Gd,TA,Av,GLQ,1294.0,Unf,0.0,408.0,1702.0,GasA,Ex,Y,SBrkr,1702,0,0,1702,1.0,0.0,2,0,3,1,Gd,7,Typ,1,Gd,Attchd,2007.0,RFn,3.0,844.0,TA,TA,Y,0,69,0,0,0,0,,,,0,3,2009,WD ,Normal,275500
1123,1250,535305030,20,RL,60.0,7350,Pave,,Reg,Lvl,AllPub,Corner,Gtl,NAmes,Norm,Norm,1Fam,1Story,5,7,1951,1951,Gable,CompShg,HdBoard,HdBoard,None,0.0,TA,TA,CBlock,TA,TA,Mn,ALQ,852.0,Unf,0.0,100.0,952.0,GasA,TA,Y,SBrkr,952,0,0,952,1.0,0.0,1,0,2,1,TA,4,Typ,0,,Detchd,1988.0,Unf,2.0,840.0,TA,TA,Y,0,0,0,0,0,0,,,,0,6,2008,COD,Abnorml,139000
2219,2475,531375100,20,RL,63.0,13072,Pave,,Reg,Lvl,AllPub,Inside,Gtl,SawyerW,RRAe,Norm,1Fam,1Story,6,5,2004,2004,Gable,CompShg,VinylSd,VinylSd,None,0.0,TA,TA,PConc,Gd,TA,No,ALQ,941.0,Unf,0.0,217.0,1158.0,GasA,Ex,Y,SBrkr,1158,0,0,1158,1.0,0.0,1,1,3,1,Gd,5,Typ,0,,Detchd,2006.0,Unf,2.0,576.0,TA,TA,Y,0,50,0,0,0,0,,,,0,5,2006,New,Partial,158000
1348,1506,908226120,50,RL,60.0,12180,Pave,,Reg,Lvl,AllPub,Inside,Gtl,Edwards,Norm,Norm,1Fam,1.5Fin,5,7,1938,2007,Gable,CompShg,Wd Sdng,Wd Sdng,None,0.0,TA,TA,PConc,TA,TA,No,Unf,0.0,Unf,0.0,585.0,585.0,GasA,Gd,Y,FuseF,585,468,0,1053,0.0,0.0,1,1,2,1,Ex,5,Typ,0,,,,,0.0,0.0,,,N,42,0,0,0,0,0,,,,0,1,2008,WD ,Family,120000
7,9,527146030,120,RL,39.0,5389,Pave,,IR1,Lvl,AllPub,Inside,Gtl,StoneBr,Norm,Norm,TwnhsE,1Story,8,5,1995,1996,Gable,CompShg,CemntBd,CmentBd,None,0.0,Gd,TA,PConc,Gd,TA,No,GLQ,1180.0,Unf,0.0,415.0,1595.0,GasA,Ex,Y,SBrkr,1616,0,0,1616,1.0,0.0,2,0,2,1,Gd,5,Typ,1,TA,Attchd,1995.0,RFn,2.0,608.0,TA,TA,Y,237,152,0,0,0,0,,,,0,3,2010,WD ,Normal,236500
1934,2155,907280100,20,RL,90.0,11248,Pave,,IR1,Lvl,AllPub,Corner,Gtl,CollgCr,Norm,Norm,1Fam,1Story,9,5,2002,2002,Hip,CompShg,VinylSd,VinylSd,Stone,215.0,Gd,TA,PConc,Gd,TA,Av,GLQ,1059.0,Unf,0.0,567.0,1626.0,GasA,Ex,Y,SBrkr,1668,0,0,1668,1.0,0.0,2,0,3,1,Gd,7,Typ,1,TA,Attchd,2002.0,Fin,3.0,702.0,TA,TA,Y,257,45,0,0,0,0,,,,0,7,2007,WD ,Normal,285000
1736,1936,535325090,20,RL,71.0,8540,Pave,,Reg,Lvl,AllPub,Corner,Gtl,NAmes,Norm,Norm,1Fam,1Story,5,8,1956,2003,Gable,CompShg,VinylSd,VinylSd,None,0.0,TA,Gd,CBlock,TA,TA,No,Rec,114.0,ALQ,691.0,120.0,925.0,GasA,TA,Y,SBrkr,925,0,0,925,1.0,0.0,1,0,3,1,Gd,5,Typ,0,,Detchd,1956.0,Unf,1.0,252.0,TA,TA,Y,152,0,0,0,0,0,,,,0,6,2007,WD ,Normal,127000
681,764,904301070,90,RL,60.0,10800,Pave,,Reg,Lvl,AllPub,Inside,Gtl,Edwards,Norm,Norm,Duplex,1Story,5,5,1987,1988,Gable,CompShg,Plywood,Plywood,None,0.0,TA,Gd,CBlock,Gd,Gd,Gd,GLQ,1200.0,Unf,0.0,0.0,1200.0,GasA,TA,Y,SBrkr,1200,0,0,1200,3.0,0.0,3,0,3,1,TA,5,Typ,0,,,,,0.0,0.0,,,Y,120,0,0,0,0,0,,,,0,3,2009,WD ,Alloca,179000
1633,1825,532377050,20,RL,84.0,7476,Pave,,Reg,Lvl,AllPub,Corner,Gtl,Sawyer,Norm,Norm,1Fam,1Story,5,7,1968,1968,Gable,CompShg,HdBoard,HdBoard,None,0.0,TA,TA,CBlock,TA,TA,No,Rec,812.0,Unf,0.0,228.0,1040.0,GasA,TA,Y,SBrkr,1040,0,0,1040,1.0,0.0,1,1,3,1,TA,5,Typ,0,,Detchd,1991.0,Fin,2.0,686.0,TA,TA,Y,188,0,0,0,0,0,,,,0,6,2007,WD ,Normal,145000
2440,2722,905200340,20,RL,102.0,17920,Pave,,Reg,Lvl,AllPub,Inside,Gtl,Sawyer,Norm,Norm,1Fam,1Story,5,4,1955,1974,Hip,CompShg,Wd Sdng,Plywood,None,0.0,TA,TA,CBlock,TA,TA,Mn,ALQ,306.0,Rec,1085.0,372.0,1763.0,GasA,TA,Y,SBrkr,1779,0,0,1779,1.0,0.0,1,1,3,1,TA,6,Typ,1,Gd,Attchd,1955.0,Unf,2.0,454.0,TA,TA,Y,0,418,0,0,312,0,,,,0,7,2006,WD ,Abnorml,170000
341,383,527359180,60,RL,,10304,Pave,,IR1,Lvl,AllPub,CulDSac,Gtl,NWAmes,PosN,Norm,1Fam,2Story,5,7,1976,1976,Gable,CompShg,Plywood,Plywood,BrkFace,44.0,TA,Gd,CBlock,TA,TA,No,ALQ,381.0,Unf,0.0,399.0,780.0,GasA,Ex,Y,SBrkr,1088,780,0,1868,1.0,0.0,2,1,4,1,Gd,9,Typ,1,TA,Attchd,1976.0,Unf,2.0,484.0,TA,TA,Y,448,96,0,0,0,0,,,,0,10,2009,WD ,Normal,197500
1250,1393,905202230,20,RL,,13500,Pave,,Reg,Lvl,AllPub,Inside,Gtl,ClearCr,Norm,Norm,1Fam,1Story,6,7,1960,1975,Flat,CompShg,BrkFace,Plywood,None,0.0,TA,TA,CBlock,Gd,TA,Gd,BLQ,429.0,ALQ,1080.0,93.0,1602.0,GasA,Gd,Y,SBrkr,1252,0,0,1252,1.0,0.0,1,0,1,1,TA,4,Typ,1,Gd,Attchd,1960.0,RFn,2.0,564.0,TA,TA,Y,409,0,0,0,0,0,,,,0,3,2008,WD ,Normal,235000
434,486,528280230,60,RL,,12224,Pave,,IR1,Lvl,AllPub,Corner,Gtl,Gilbert,Norm,Norm,1Fam,2Story,6,5,2000,2000,Gable,CompShg,VinylSd,VinylSd,BrkFace,40.0,Gd,TA,PConc,Gd,TA,No,GLQ,695.0,Unf,0.0,297.0,992.0,GasA,Ex,Y,SBrkr,1022,1032,0,2054,1.0,0.0,2,1,3,1,Gd,7,Typ,1,TA,BuiltIn,2000.0,RFn,2.0,390.0,TA,TA,Y,24,48,0,0,0,0,,,,0,7,2009,WD ,Normal,244000
1953,2175,908152060,80,RL,65.0,6285,Pave,,Reg,Lvl,AllPub,Inside,Gtl,Edwards,Norm,Norm,1Fam,SLvl,6,6,1976,1976,Gable,CompShg,HdBoard,Plywood,None,0.0,TA,Fa,CBlock,TA,TA,Av,GLQ,504.0,Unf,0.0,456.0,960.0,GasA,TA,Y,SBrkr,1044,0,0,1044,1.0,0.0,1,0,3,1,TA,7,Typ,1,Fa,Detchd,1976.0,Unf,2.0,528.0,TA,Fa,Y,228,0,0,0,0,0,,,,0,4,2007,WD ,Normal,133500
1577,1764,528327060,20,RL,,11400,Pave,,Reg,Lvl,AllPub,Inside,Gtl,NoRidge,Norm,Norm,1Fam,1Story,10,5,2001,2002,Hip,CompShg,VinylSd,VinylSd,BrkFace,705.0,Ex,TA,PConc,Ex,TA,Gd,GLQ,1282.0,Unf,0.0,1351.0,2633.0,GasA,Ex,Y,SBrkr,2633,0,0,2633,1.0,0.0,2,1,2,1,Ex,8,Typ,2,Gd,Attchd,2001.0,RFn,3.0,804.0,TA,TA,Y,314,140,0,0,0,0,,,,0,3,2007,WD ,Normal,466500
784,877,907290090,20,RL,75.0,9750,Pave,,Reg,Lvl,AllPub,Inside,Gtl,CollgCr,Norm,Norm,1Fam,1Story,7,5,2000,2001,Gable,CompShg,VinylSd,VinylSd,BrkFace,171.0,Gd,TA,PConc,Gd,TA,No,Unf,0.0,Unf,0.0,1630.0,1630.0,GasA,Ex,Y,SBrkr,1630,0,0,1630,0.0,0.0,2,0,3,1,Gd,6,Typ,1,TA,Attchd,2000.0,Unf,2.0,451.0,TA,TA,Y,74,234,0,0,0,0,,,,0,10,2009,WD ,Normal,213000
1256,1399,905351089,120,RL,,2887,Pave,,Reg,HLS,AllPub,Inside,Gtl,ClearCr,Norm,Norm,1Fam,1Story,6,5,1996,1997,Gable,CompShg,Wd Sdng,Wd Sdng,None,0.0,TA,TA,PConc,Gd,TA,Mn,GLQ,1003.0,Unf,0.0,288.0,1291.0,GasA,Ex,Y,SBrkr,1291,0,0,1291,1.0,0.0,1,0,2,1,Gd,6,Typ,1,Gd,Attchd,1996.0,Unf,2.0,431.0,TA,TA,Y,307,0,0,0,0,0,,,,0,11,2008,WD ,Normal,173000
2510,2797,907270050,60,RL,67.0,10566,Pave,,IR1,Lvl,AllPub,Inside,Gtl,CollgCr,Norm,Norm,1Fam,2Story,8,5,1999,1999,Gable,CompShg,VinylSd,VinylSd,BrkFace,261.0,Gd,TA,PConc,Gd,TA,Av,GLQ,920.0,Unf,0.0,170.0,1090.0,GasA,Ex,Y,SBrkr,1090,1124,0,2214,1.0,0.0,2,1,3,1,Gd,8,Typ,1,TA,Attchd,1999.0,Fin,3.0,646.0,TA,TA,Y,197,80,0,0,0,0,,,,0,7,2006,WD ,Normal,268500
2032,2263,916384150,20,RL,89.0,10991,Pave,,IR1,HLS,AllPub,Inside,Gtl,Timber,Norm,Norm,1Fam,1Story,8,5,2007,2007,Gable,CompShg,VinylSd,VinylSd,BrkFace,80.0,Gd,TA,PConc,Gd,TA,Gd,Unf,0.0,Unf,0.0,1571.0,1571.0,GasA,Ex,Y,SBrkr,1571,0,0,1571,0.0,0.0,2,0,3,1,Gd,7,Typ,1,Gd,Attchd,2007.0,Fin,3.0,722.0,TA,TA,Y,100,36,0,0,0,0,,,,0,12,2007,New,Partial,239000
2365,2638,902101050,50,RM,60.0,9600,Pave,Grvl,Reg,Lvl,AllPub,Inside,Gtl,OldTown,Norm,Norm,1Fam,1.5Fin,5,6,1948,1950,Gable,CompShg,MetalSd,MetalSd,Stone,264.0,TA,TA,CBlock,TA,TA,No,Rec,276.0,Unf,0.0,936.0,1212.0,GasA,Gd,Y,FuseA,1226,442,0,1668,1.0,0.0,1,0,3,1,TA,6,Typ,0,,Detchd,1948.0,Unf,1.0,240.0,TA,TA,Y,0,0,140,0,0,0,,,,0,5,2006,WD ,Normal,135000
278,315,916125360,20,RL,,57200,Pave,,IR1,Bnk,AllPub,Inside,Sev,Timber,Norm,Norm,1Fam,1Story,5,5,1948,1950,Gable,CompShg,Wd Sdng,Wd Sdng,None,0.0,TA,TA,CBlock,TA,TA,Av,BLQ,353.0,Rec,334.0,60.0,747.0,GasA,TA,Y,SBrkr,1687,0,0,1687,1.0,0.0,1,0,3,1,TA,7,Min1,2,TA,Detchd,1966.0,Unf,2.0,572.0,TA,TA,N,0,0,50,0,0,0,,,,0,6,2010,WD ,Normal,160000
1000,1114,528429070,20,RL,74.0,13253,Pave,,IR1,Lvl,AllPub,Inside,Gtl,Somerst,RRAn,Norm,1Fam,1Story,7,5,2006,2006,Gable,CompShg,VinylSd,VinylSd,BrkFace,128.0,Gd,TA,PConc,Ex,TA,No,GLQ,1096.0,Unf,0.0,482.0,1578.0,GasA,Gd,Y,SBrkr,1578,0,0,1578,1.0,0.0,2,0,3,1,Gd,7,Typ,1,Gd,Attchd,2006.0,Unf,3.0,642.0,TA,TA,Y,0,26,0,0,0,0,,,,0,5,2008,WD ,Normal,240000
246,282,908208020,20,RM,80.0,8546,Pave,,Reg,Lvl,AllPub,Corner,Gtl,Edwards,Norm,Norm,1Fam,1Story,4,5,2003,2004,Gable,CompShg,VinylSd,VinylSd,None,0.0,TA,TA,PConc,Gd,TA,No,Unf,0.0,Unf,0.0,1121.0,1121.0,GasA,Ex,Y,SBrkr,1121,0,0,1121,0.0,0.0,2,0,2,1,TA,5,Typ,0,,Attchd,2003.0,RFn,2.0,440.0,TA,TA,Y,132,64,0,0,0,0,,,,0,3,2010,WD ,Normal,140000
383,431,528108140,20,RL,94.0,12220,Pave,,Reg,Lvl,AllPub,Inside,Gtl,NridgHt,Norm,Norm,1Fam,1Story,10,5,2009,2009,Hip,CompShg,CemntBd,CmentBd,BrkFace,305.0,Ex,TA,CBlock,Ex,TA,No,GLQ,1436.0,Unf,0.0,570.0,2006.0,GasA,Ex,Y,SBrkr,2020,0,0,2020,1.0,0.0,2,1,3,1,Ex,9,Typ,1,Gd,Attchd,2009.0,Fin,3.0,900.0,TA,TA,Y,156,54,0,0,0,0,,,,0,9,2009,New,Partial,402861
921,1031,527359070,60,RL,80.0,10480,Pave,,Reg,Lvl,AllPub,Inside,Gtl,NWAmes,Norm,Norm,1Fam,2Story,7,6,1976,1976,Hip,CompShg,Plywood,Plywood,BrkFace,660.0,TA,TA,CBlock,TA,TA,No,ALQ,403.0,Unf,0.0,400.0,803.0,GasA,TA,Y,SBrkr,1098,866,0,1964,0.0,0.0,2,1,4,1,TA,8,Typ,1,Gd,Attchd,1976.0,RFn,2.0,483.0,TA,TA,Y,0,69,0,0,0,0,,,,0,9,2008,WD ,Normal,205000
178,204,903426200,70,RM,60.0,12900,Pave,Grvl,Reg,Lvl,AllPub,Inside,Gtl,OldTown,Norm,Norm,1Fam,2Story,6,8,1912,2009,Gable,CompShg,Wd Sdng,Wd Sdng,None,0.0,Gd,Gd,PConc,TA,TA,No,Unf,0.0,Unf,0.0,780.0,780.0,GasA,Ex,Y,SBrkr,780,780,0,1560,0.0,0.0,1,1,3,1,Gd,7,Typ,0,,,,,0.0,0.0,,,N,344,0,0,0,168,0,,,,0,5,2010,WD ,Normal,159900
540,606,534400050,20,RL,100.0,10004,Pave,,Reg,Lvl,AllPub,Inside,Gtl,NAmes,Norm,Norm,1Fam,1Story,6,6,1964,1964,Gable,CompShg,HdBoard,Plywood,BrkFace,180.0,TA,TA,CBlock,TA,TA,No,Rec,196.0,BLQ,345.0,975.0,1516.0,GasA,TA,Y,SBrkr,1516,0,0,1516,0.0,0.0,1,1,3,1,TA,6,Typ,0,,Attchd,1964.0,RFn,2.0,472.0,TA,TA,Y,0,0,0,0,152,0,,,,0,2,2009,WD ,Normal,167000
352,395,527403040,20,RL,61.0,7930,Pave,,Reg,Lvl,AllPub,Inside,Gtl,NAmes,Norm,Norm,1Fam,1Story,6,8,1969,2005,Gable,CompShg,Plywood,Plywood,None,0.0,TA,TA,CBlock,TA,TA,No,GLQ,439.0,LwQ,472.0,115.0,1026.0,GasA,Gd,Y,SBrkr,1026,0,0,1026,1.0,0.0,1,0,3,1,Gd,5,Typ,0,,Detchd,1969.0,RFn,2.0,440.0,TA,TA,Y,171,48,0,0,0,0,,,,0,7,2009,WD ,Normal,156000
414,465,528218090,60,RL,63.0,10928,Pave,,Reg,Lvl,AllPub,Inside,Gtl,Gilbert,RRAn,Norm,1Fam,2Story,7,5,2005,2005,Gable,CompShg,VinylSd,VinylSd,None,0.0,Gd,TA,PConc,Gd,Gd,No,Unf,0.0,Unf,0.0,728.0,728.0,GasA,Ex,Y,SBrkr,728,728,0,1456,0.0,0.0,2,1,3,1,Gd,8,Typ,1,Gd,Attchd,2005.0,Fin,2.0,390.0,TA,TA,Y,100,0,0,0,0,0,,,,0,6,2009,WD ,Normal,184000
863,968,916475040,20,RL,85.0,14601,Pave,,Reg,Lvl,AllPub,Inside,Gtl,Timber,Norm,Norm,1Fam,1Story,9,5,2006,2006,Hip,CompShg,VinylSd,VinylSd,BrkFace,584.0,Ex,TA,PConc,Ex,TA,Av,GLQ,1260.0,Unf,0.0,578.0,1838.0,GasA,Ex,Y,SBrkr,1838,0,0,1838,1.0,0.0,2,0,2,1,Ex,8,Typ,1,Gd,Attchd,2006.0,Fin,3.0,765.0,TA,TA,Y,270,68,0,0,0,0,,,,0,3,2009,WD ,Normal,315000
1481,1653,527328050,20,RL,79.0,11850,Pave,,Reg,Lvl,AllPub,FR2,Gtl,NWAmes,Norm,Norm,1Fam,1Story,6,6,1984,1984,Gable,CompShg,Plywood,Plywood,BrkFace,98.0,TA,TA,CBlock,Gd,TA,No,ALQ,781.0,Unf,0.0,372.0,1153.0,GasA,TA,Y,SBrkr,1177,0,0,1177,0.0,0.0,2,0,3,1,Gd,6,Typ,0,,Attchd,1984.0,Fin,2.0,495.0,TA,TA,Y,204,103,0,0,0,0,,MnPrv,,0,8,2007,WD ,Normal,151500
2075,2314,527107030,60,RL,,13031,Pave,,IR2,Lvl,AllPub,Corner,Gtl,Gilbert,Norm,Norm,1Fam,2Story,6,5,1995,1996,Gable,CompShg,HdBoard,HdBoard,None,0.0,TA,TA,PConc,Gd,TA,No,ALQ,592.0,Unf,0.0,99.0,691.0,GasA,Gd,Y,SBrkr,691,807,0,1498,0.0,0.0,2,1,3,1,TA,6,Typ,1,TA,Attchd,1995.0,Fin,2.0,409.0,TA,TA,Y,315,44,0,0,0,0,,,,0,7,2006,WD ,Normal,187500
2223,2479,531450040,60,RL,65.0,7153,Pave,,Reg,Lvl,AllPub,Inside,Gtl,SawyerW,Norm,Norm,1Fam,2Story,6,5,1992,1992,Gable,CompShg,VinylSd,VinylSd,None,0.0,Gd,Gd,PConc,Gd,TA,No,ALQ,387.0,Unf,0.0,374.0,761.0,GasA,Ex,Y,SBrkr,810,793,0,1603,0.0,0.0,2,1,3,1,Gd,7,Typ,0,,Attchd,1992.0,RFn,2.0,484.0,TA,TA,Y,0,124,0,0,0,0,,,,0,7,2006,WD ,Normal,175900
747,836,907126010,20,RL,82.0,12464,Pave,,IR2,Low,AllPub,Corner,Mod,CollgCr,Norm,Norm,1Fam,1Story,5,5,1996,1996,Gable,CompShg,VinylSd,VinylSd,None,0.0,TA,Gd,PConc,Gd,TA,No,GLQ,732.0,Unf,0.0,308.0,1040.0,GasA,Gd,Y,SBrkr,1040,0,0,1040,1.0,0.0,1,0,3,1,Gd,6,Typ,0,,Detchd,2000.0,Unf,2.0,576.0,TA,TA,Y,168,0,0,0,0,0,,GdPrv,,0,11,2009,WD ,Normal,152000
1255,1398,905300020,80,RL,,10200,Pave,,Reg,Lvl,AllPub,Inside,Gtl,Sawyer,Norm,Norm,1Fam,SLvl,5,8,1970,1970,Hip,CompShg,HdBoard,HdBoard,None,0.0,TA,Gd,PConc,Gd,TA,Av,ALQ,704.0,Unf,0.0,160.0,864.0,GasA,Ex,Y,SBrkr,904,0,0,904,0.0,0.0,1,0,3,1,Gd,5,Typ,0,,2Types,1979.0,Unf,3.0,912.0,TA,TA,Y,143,0,0,0,0,0,,MnPrv,,0,6,2008,WD ,Normal,144000
1635,1827,532378240,20,RL,,6173,Pave,,IR1,Lvl,AllPub,Inside,Gtl,Sawyer,Norm,Norm,1Fam,1Story,5,6,1967,1967,Gable,CompShg,HdBoard,Wd Sdng,BrkFace,75.0,TA,TA,CBlock,TA,TA,No,GLQ,599.0,Unf,0.0,277.0,876.0,GasA,TA,Y,SBrkr,902,0,0,902,0.0,0.0,1,0,3,1,TA,6,Typ,0,,Attchd,1967.0,Unf,1.0,288.0,TA,TA,Y,0,0,0,0,0,0,,MnPrv,,0,8,2007,WD ,Normal,125500
219,250,906378100,20,RL,64.0,10475,Pave,,IR1,Lvl,AllPub,Corner,Gtl,CollgCr,Norm,Norm,1Fam,1Story,8,5,2008,2008,Gable,CompShg,VinylSd,VinylSd,Stone,72.0,Gd,TA,PConc,Gd,TA,Av,Unf,0.0,Unf,0.0,1694.0,1694.0,GasA,Ex,Y,SBrkr,1694,0,0,1694,0.0,0.0,2,0,3,1,Gd,7,Typ,0,,Attchd,2008.0,RFn,3.0,776.0,TA,TA,Y,160,33,0,0,0,0,,,,0,2,2010,WD ,Normal,245350
1568,1755,528275110,60,RL,,8740,Pave,,IR1,Lvl,AllPub,Inside,Gtl,Gilbert,Norm,Norm,1Fam,2Story,7,5,2002,2002,Gable,CompShg,VinylSd,VinylSd,None,0.0,Gd,TA,PConc,Gd,TA,No,GLQ,574.0,Unf,0.0,280.0,854.0,GasA,Ex,Y,SBrkr,864,1131,0,1995,0.0,0.0,2,1,4,1,Gd,8,Typ,1,Gd,BuiltIn,2002.0,Fin,2.0,435.0,TA,TA,Y,264,48,0,0,0,0,,,,0,7,2007,WD ,Normal,219500
421,472,528228450,120,RL,43.0,3182,Pave,,Reg,Lvl,AllPub,Inside,Gtl,Blmngtn,Norm,Norm,TwnhsE,1Story,7,5,2005,2006,Gable,CompShg,VinylSd,VinylSd,BrkFace,16.0,Gd,TA,PConc,Gd,TA,No,GLQ,16.0,Unf,0.0,1330.0,1346.0,GasA,Ex,Y,SBrkr,1504,0,0,1504,0.0,0.0,2,0,1,1,Gd,7,Typ,1,Gd,Attchd,2005.0,Fin,2.0,457.0,TA,TA,Y,156,0,0,0,0,0,,,,0,5,2009,WD ,Normal,181000
422,473,528228455,120,RL,43.0,3182,Pave,,Reg,Lvl,AllPub,Inside,Gtl,Blmngtn,Norm,Norm,TwnhsE,1Story,7,5,2005,2006,Gable,CompShg,VinylSd,VinylSd,BrkFace,16.0,Gd,TA,PConc,Gd,TA,Av,GLQ,16.0,Unf,0.0,1204.0,1220.0,GasA,Ex,Y,SBrkr,1220,0,0,1220,0.0,0.0,2,0,2,1,Gd,5,Typ,1,Gd,Attchd,2005.0,Fin,2.0,397.0,TA,TA,Y,100,16,0,0,0,0,,,,0,8,2009,WD ,Normal,180000
1297,1446,907201060,80,RL,65.0,8385,Pave,,Reg,Lvl,AllPub,Inside,Gtl,CollgCr,Norm,Norm,1Fam,SLvl,5,8,1977,1977,Gable,CompShg,HdBoard,HdBoard,BrkFace,220.0,Gd,TA,CBlock,Gd,Gd,Av,GLQ,595.0,Unf,0.0,390.0,985.0,GasA,TA,Y,SBrkr,985,0,0,985,0.0,0.0,2,0,3,1,TA,6,Typ,0,,Attchd,1977.0,Unf,1.0,328.0,TA,TA,Y,210,0,0,0,0,0,,,,0,11,2008,WD ,Normal,149900
1094,1218,534428020,20,RL,,12493,Pave,,IR1,Lvl,AllPub,Inside,Gtl,NAmes,Norm,Norm,1Fam,1Story,4,5,1960,1960,Gable,CompShg,Wd Sdng,Wd Sdng,None,0.0,TA,TA,PConc,TA,TA,No,ALQ,419.0,Rec,306.0,375.0,1100.0,GasA,TA,Y,SBrkr,1100,0,0,1100,1.0,0.0,1,0,3,1,TA,6,Typ,1,Po,Attchd,1960.0,RFn,1.0,312.0,TA,TA,Y,355,0,0,0,0,0,,GdWo,,0,4,2008,WD ,Normal,141000
860,965,916403250,80,RL,125.0,14419,Pave,,IR1,Lvl,AllPub,Corner,Gtl,Timber,Norm,Norm,1Fam,SLvl,7,5,1987,1989,Hip,CompShg,Plywood,Plywood,BrkFace,310.0,TA,TA,PConc,Gd,TA,Gd,GLQ,904.0,ALQ,624.0,117.0,1645.0,GasA,Ex,Y,SBrkr,1479,0,0,1479,2.0,0.0,2,1,3,1,Gd,7,Min1,1,Fa,Attchd,1987.0,Fin,2.0,578.0,TA,TA,Y,224,238,0,0,0,0,,,,0,7,2009,WD ,Normal,213500
2098,2342,527256120,20,RL,90.0,18261,Pave,,IR1,HLS,AllPub,Inside,Gtl,StoneBr,Norm,Norm,1Fam,1Story,9,5,2005,2005,Hip,CompShg,VinylSd,VinylSd,BrkFace,420.0,Ex,TA,PConc,Ex,TA,Gd,GLQ,1416.0,Unf,0.0,494.0,1910.0,GasA,Ex,Y,SBrkr,2000,0,0,2000,1.0,0.0,2,1,3,1,Ex,8,Typ,2,Gd,Attchd,2005.0,Unf,3.0,722.0,TA,TA,Y,351,102,0,0,123,0,,,,0,9,2006,WD ,Normal,470000
189,218,905101310,90,RL,72.0,10778,Pave,,Reg,Lvl,AllPub,Inside,Gtl,Sawyer,Norm,Norm,Duplex,1Story,4,5,1968,1968,Hip,CompShg,HdBoard,HdBoard,None,0.0,TA,TA,CBlock,TA,TA,No,Unf,0.0,Unf,0.0,1768.0,1768.0,GasA,TA,N,SBrkr,1768,0,0,1768,0.0,0.0,2,0,4,2,TA,8,Typ,0,,,,,0.0,0.0,,,Y,0,0,0,0,0,0,,,,0,4,2010,WD ,Normal,136500
1697,1895,534403420,20,RL,,11382,Pave,,IR1,Lvl,AllPub,Inside,Gtl,NAmes,Norm,Norm,1Fam,1Story,6,5,1964,1964,Gable,CompShg,Wd Sdng,Plywood,BrkFace,212.0,TA,TA,CBlock,TA,TA,No,ALQ,54.0,Rec,543.0,533.0,1130.0,GasA,TA,Y,SBrkr,1374,0,0,1374,0.0,1.0,1,0,3,1,TA,7,Typ,1,TA,Attchd,1964.0,RFn,1.0,286.0,TA,TA,Y,0,28,84,0,0,0,,MnPrv,,0,8,2007,WD ,Normal,147000
1474,1646,527302020,80,RL,78.0,12090,Pave,,Reg,Lvl,AllPub,Inside,Gtl,NWAmes,Norm,Norm,1Fam,SLvl,6,7,1984,2003,Hip,CompShg,VinylSd,VinylSd,BrkFace,74.0,TA,TA,CBlock,Gd,TA,No,Unf,0.0,Unf,0.0,585.0,585.0,GasA,Ex,Y,SBrkr,1140,728,0,1868,0.0,0.0,3,1,3,1,TA,7,Typ,1,TA,BuiltIn,1984.0,Fin,2.0,477.0,TA,TA,Y,268,112,0,0,147,0,,,,0,1,2007,WD ,Abnorml,178000
2027,2258,916326040,20,RL,115.0,16905,Pave,,Reg,Lvl,AllPub,Inside,Gtl,Timber,Norm,Norm,1Fam,1Story,5,6,1959,1959,Gable,CompShg,VinylSd,VinylSd,None,0.0,TA,Gd,CBlock,TA,TA,Gd,BLQ,967.0,Unf,0.0,383.0,1350.0,GasA,Gd,Y,SBrkr,1328,0,0,1328,0.0,1.0,1,1,2,1,TA,5,Typ,2,Gd,Attchd,1959.0,RFn,1.0,308.0,TA,TA,P,0,104,0,0,0,0,,,,0,7,2007,WD ,Normal,170000
1203,1342,903230120,20,RM,99.0,5940,Pave,,IR1,Lvl,AllPub,FR3,Gtl,BrkSide,Feedr,Norm,1Fam,1Story,4,7,1946,1950,Gable,CompShg,MetalSd,CBlock,None,0.0,TA,TA,PConc,,,,,,,,,,GasA,TA,Y,FuseA,896,0,0,896,,,1,0,2,1,TA,4,Typ,0,,Detchd,1946.0,Unf,1.0,280.0,TA,TA,Y,0,0,0,0,0,0,,MnPrv,,0,4,2008,ConLD,Abnorml,79000
1810,2018,903233050,70,RM,51.0,6120,Pave,,Reg,Lvl,AllPub,Inside,Gtl,BrkSide,Norm,Norm,1Fam,2Story,5,8,1920,2004,Gable,CompShg,MetalSd,MetalSd,None,0.0,TA,TA,BrkTil,TA,TA,Mn,Unf,0.0,Unf,0.0,939.0,939.0,GasA,Ex,Y,SBrkr,939,574,0,1513,0.0,0.0,1,1,4,1,TA,8,Typ,0,,Detchd,1933.0,Unf,1.0,180.0,Fa,Fa,N,24,0,150,0,0,0,,,,0,5,2007,WD ,Normal,137500
1268,1413,905452120,60,RL,50.0,9360,Pave,,Reg,Lvl,AllPub,Corner,Gtl,Edwards,Norm,Norm,1Fam,2Story,6,8,1962,2001,Gable,CompShg,VinylSd,VinylSd,BrkCmn,216.0,Gd,TA,CBlock,TA,TA,No,Rec,324.0,Unf,0.0,297.0,621.0,GasA,TA,Y,SBrkr,621,648,0,1269,0.0,0.0,1,1,3,1,TA,7,Typ,0,,Detchd,1962.0,Unf,1.0,280.0,TA,TA,Y,0,236,0,0,0,0,,GdWo,,0,11,2008,WD ,Normal,134500
1480,1652,527328020,80,RL,,10395,Pave,,IR1,Lvl,AllPub,FR2,Gtl,NWAmes,Norm,Norm,1Fam,SLvl,6,6,1978,1978,Gable,CompShg,HdBoard,HdBoard,BrkFace,233.0,TA,TA,CBlock,Gd,TA,Av,ALQ,605.0,Unf,0.0,427.0,1032.0,GasA,TA,Y,SBrkr,1032,0,0,1032,0.0,1.0,2,0,3,1,TA,6,Typ,1,TA,Attchd,1978.0,Unf,2.0,564.0,TA,TA,Y,0,0,0,0,0,0,,MnPrv,Shed,500,7,2007,WD ,Normal,148000
1214,1353,903401020,50,RL,60.0,9120,Pave,Pave,Reg,Lvl,AllPub,Inside,Gtl,BrkSide,Norm,Norm,1Fam,1.5Fin,7,6,1925,1950,Gable,CompShg,Wd Sdng,Wd Sdng,None,0.0,TA,Gd,PConc,TA,TA,No,Rec,329.0,Unf,0.0,697.0,1026.0,GasA,Ex,Y,SBrkr,1133,687,0,1820,1.0,0.0,2,0,4,1,TA,8,Typ,0,,Detchd,1925.0,Unf,1.0,240.0,TA,TA,N,0,100,0,0,0,0,,GdPrv,,0,6,2008,WD ,Normal,184000
340,382,527359050,20,RL,80.0,10400,Pave,,Reg,Lvl,AllPub,Inside,Gtl,NWAmes,Norm,Norm,1Fam,1Story,7,5,1976,1976,Gable,CompShg,HdBoard,HdBoard,BrkFace,189.0,TA,TA,CBlock,Gd,TA,No,Unf,0.0,Unf,0.0,1090.0,1090.0,GasA,TA,Y,SBrkr,1370,0,0,1370,0.0,0.0,2,0,3,1,TA,6,Typ,1,TA,Attchd,1976.0,RFn,2.0,479.0,TA,TA,Y,0,0,0,0,0,0,,MnPrv,,0,6,2009,WD ,Family,152000
1331,1485,907425035,120,RM,,4438,Pave,,Reg,Lvl,AllPub,Inside,Gtl,CollgCr,Norm,Norm,TwnhsE,1Story,6,5,2004,2004,Gable,CompShg,VinylSd,VinylSd,BrkFace,169.0,Gd,TA,PConc,Gd,TA,Gd,GLQ,662.0,Unf,0.0,186.0,848.0,GasA,Ex,Y,SBrkr,848,0,0,848,1.0,0.0,1,0,1,1,Gd,4,Typ,1,Gd,Attchd,2004.0,Fin,2.0,420.0,TA,TA,Y,140,0,0,0,0,0,,,,0,6,2008,ConLD,Normal,144500
665,747,903236040,30,RM,50.0,8635,Pave,,Reg,Lvl,AllPub,Inside,Gtl,BrkSide,Norm,Norm,1Fam,1Story,5,5,1925,1950,Hip,CompShg,Wd Sdng,Wd Sdng,None,0.0,TA,Fa,BrkTil,TA,TA,No,LwQ,134.0,Unf,0.0,938.0,1072.0,GasA,TA,Y,SBrkr,1072,0,0,1072,1.0,0.0,1,0,2,1,TA,5,Typ,0,,Detchd,1982.0,Unf,5.0,1184.0,Fa,TA,P,0,0,105,0,0,0,,,,0,8,2009,WD ,Normal,126500
712,798,905480030,50,RL,60.0,9060,Pave,,Reg,Lvl,AllPub,Inside,Gtl,Edwards,Norm,Norm,1Fam,1.5Fin,6,5,1939,1950,Gable,CompShg,WdShing,Wd Shng,None,0.0,TA,TA,BrkTil,TA,TA,Mn,Rec,204.0,Unf,0.0,356.0,560.0,GasA,TA,Y,SBrkr,698,560,0,1258,0.0,0.0,1,0,2,1,TA,6,Typ,0,,Detchd,1939.0,Unf,1.0,280.0,TA,TA,P,0,0,0,0,0,0,,MnPrv,,0,10,2009,WD ,Normal,105000
1451,1622,527158090,80,RL,,10147,Pave,,IR1,Lvl,AllPub,CulDSac,Gtl,Gilbert,Norm,Norm,1Fam,SLvl,6,5,1994,1994,Gable,CompShg,HdBoard,HdBoard,BrkFace,32.0,TA,TA,PConc,Gd,TA,No,LwQ,186.0,Unf,0.0,206.0,392.0,GasA,Gd,Y,SBrkr,924,770,0,1694,0.0,0.0,2,1,3,1,TA,7,Typ,1,TA,BuiltIn,1994.0,Fin,2.0,398.0,TA,TA,Y,256,64,0,0,0,0,,MnPrv,,0,3,2007,WD ,Normal,160000
1860,2073,905352010,20,RL,,11075,Pave,,Reg,Lvl,AllPub,Corner,Gtl,ClearCr,Norm,Norm,1Fam,1Story,6,5,1984,1984,Hip,CompShg,Wd Sdng,Wd Sdng,BrkFace,136.0,TA,TA,PConc,Gd,TA,No,BLQ,299.0,LwQ,891.0,0.0,1190.0,GasA,Ex,Y,SBrkr,1522,0,0,1522,0.0,0.0,2,0,3,1,TA,7,Typ,1,TA,Attchd,1984.0,Fin,2.0,552.0,TA,TA,Y,0,77,0,0,168,0,,GdPrv,,0,2,2007,WD ,Normal,182000
290,328,923225390,120,RM,31.0,2394,Pave,,Reg,Low,AllPub,Inside,Mod,MeadowV,Norm,Norm,Twnhs,1Story,5,6,1973,1973,Gable,CompShg,CemntBd,CmentBd,None,0.0,TA,TA,CBlock,Gd,TA,Gd,GLQ,915.0,Unf,0.0,30.0,945.0,GasA,Ex,Y,SBrkr,945,0,0,945,1.0,1.0,1,0,2,1,TA,5,Typ,1,Po,Attchd,1973.0,RFn,1.0,253.0,TA,TA,Y,174,0,56,0,108,0,,,,0,5,2010,WD ,Normal,119500
47,53,528228285,120,RL,43.0,3203,Pave,,Reg,Lvl,AllPub,Inside,Gtl,Blmngtn,Norm,Norm,TwnhsE,1Story,7,5,2006,2006,Gable,CompShg,VinylSd,VinylSd,BrkFace,14.0,Gd,TA,PConc,Gd,TA,Av,GLQ,16.0,Unf,0.0,1129.0,1145.0,GasA,Ex,Y,SBrkr,1145,0,0,1145,0.0,0.0,2,0,2,1,Gd,6,Typ,0,,Attchd,2006.0,Fin,2.0,437.0,TA,TA,Y,100,116,0,0,0,0,,,,0,1,2010,WD ,Normal,160000
2566,2857,909256020,50,RL,51.0,6191,Pave,,Reg,Lvl,AllPub,Corner,Gtl,SWISU,Norm,Norm,1Fam,1.5Fin,5,4,1941,1950,Gable,CompShg,Wd Sdng,Wd Sdng,None,0.0,TA,TA,CBlock,Fa,Fa,No,LwQ,384.0,Unf,0.0,440.0,824.0,GasA,TA,N,SBrkr,824,464,0,1288,0.0,0.0,1,0,4,1,TA,6,Typ,0,,Detchd,1941.0,Unf,1.0,240.0,TA,TA,Y,0,0,0,0,0,0,,,,0,11,2006,WD ,Normal,112000
1249,1392,905201120,20,RL,,13284,Pave,,Reg,Lvl,AllPub,Inside,Gtl,Sawyer,PosN,Norm,1Fam,1Story,5,5,1954,1954,Gable,CompShg,Wd Sdng,Plywood,None,0.0,TA,TA,PConc,Gd,TA,Mn,BLQ,1064.0,Unf,0.0,319.0,1383.0,GasA,TA,Y,SBrkr,1383,0,0,1383,1.0,0.0,1,0,3,1,TA,6,Typ,1,Gd,Attchd,1954.0,Unf,1.0,354.0,TA,TA,Y,511,116,0,0,0,0,,GdPrv,,0,6,2008,WD ,Normal,165000
1956,2179,908152280,20,RL,60.0,7024,Pave,,Reg,Lvl,AllPub,Inside,Gtl,Edwards,Norm,Norm,1Fam,1Story,5,5,2005,2006,Gable,CompShg,VinylSd,VinylSd,None,0.0,TA,TA,PConc,Ex,Gd,No,ALQ,980.0,Unf,0.0,110.0,1090.0,GasA,Gd,Y,SBrkr,1090,0,0,1090,1.0,0.0,1,1,2,1,TA,5,Typ,0,,Attchd,2005.0,Fin,2.0,450.0,TA,TA,Y,0,49,0,0,0,0,,,,0,6,2007,WD ,Normal,157000
2581,2872,909475020,20,RL,,16381,Pave,,IR1,Lvl,AllPub,Inside,Gtl,Crawfor,Norm,Norm,1Fam,1Story,6,5,1969,1969,Gable,CompShg,Plywood,Plywood,BrkFace,312.0,Gd,Gd,CBlock,TA,TA,Av,Rec,1110.0,Unf,0.0,734.0,1844.0,GasA,Gd,Y,SBrkr,1844,0,0,1844,1.0,0.0,2,0,3,1,Gd,7,Typ,1,TA,Attchd,1969.0,RFn,2.0,540.0,TA,TA,Y,0,73,216,0,0,0,,,,0,12,2006,WD ,Normal,223000
67,81,531453010,20,RL,81.0,9672,Pave,,Reg,Lvl,AllPub,Corner,Gtl,SawyerW,Norm,Norm,1Fam,1Story,6,5,1984,1985,Hip,CompShg,HdBoard,Plywood,None,0.0,TA,TA,PConc,Gd,TA,No,GLQ,338.0,Unf,0.0,702.0,1040.0,GasA,TA,Y,SBrkr,1097,0,0,1097,0.0,0.0,2,0,3,1,TA,6,Typ,0,,Attchd,1986.0,Unf,2.0,480.0,TA,TA,Y,0,0,0,0,0,0,,GdPrv,,0,5,2010,WD ,Normal,152000
2376,2653,902204120,50,RM,50.0,6000,Pave,,Reg,Lvl,AllPub,Inside,Gtl,OldTown,Norm,Norm,1Fam,1.5Fin,5,7,1924,1950,Gable,CompShg,MetalSd,MetalSd,BrkFace,145.0,TA,Gd,PConc,TA,TA,No,Unf,0.0,Unf,0.0,816.0,816.0,GasA,Ex,Y,SBrkr,816,750,0,1566,0.0,0.0,1,1,5,1,Gd,7,Typ,0,,Detchd,1976.0,Unf,2.0,450.0,TA,TA,Y,24,0,296,0,0,0,,MnPrv,,0,8,2006,WD ,Normal,139000
268,305,911128180,50,C (all),60.0,7500,Pave,,Reg,Lvl,AllPub,Inside,Gtl,IDOTRR,Norm,Norm,1Fam,1.5Fin,4,4,1920,1950,Gable,CompShg,MetalSd,MetalSd,None,0.0,TA,Gd,CBlock,TA,TA,No,Unf,0.0,Unf,0.0,698.0,698.0,GasA,TA,Y,FuseA,698,430,0,1128,0.0,0.0,1,0,2,1,TA,6,Typ,0,,Detchd,1980.0,RFn,2.0,528.0,TA,TA,Y,30,0,164,0,0,0,,,,0,4,2010,COD,Abnorml,68400
706,792,905452040,60,RL,50.0,9350,Pave,,Reg,Bnk,AllPub,Inside,Gtl,Edwards,Norm,Norm,1Fam,2Story,6,7,1946,1950,Hip,CompShg,MetalSd,MetalSd,None,0.0,TA,TA,CBlock,TA,TA,No,BLQ,342.0,Unf,0.0,405.0,747.0,GasA,Ex,Y,SBrkr,892,747,0,1639,0.0,0.0,1,1,3,1,Gd,6,Typ,1,Gd,Detchd,1946.0,Unf,1.0,240.0,TA,TA,Y,0,50,0,0,0,0,,,,0,7,2009,WD ,Normal,154400
777,868,907260030,60,RL,70.0,8749,Pave,,Reg,Lvl,AllPub,Inside,Gtl,CollgCr,Norm,Norm,1Fam,2Story,7,5,2002,2002,Gable,CompShg,VinylSd,VinylSd,,,Gd,TA,PConc,Gd,TA,No,Unf,0.0,Unf,0.0,840.0,840.0,GasA,Ex,Y,SBrkr,840,885,0,1725,0.0,0.0,2,1,3,1,Gd,6,Typ,0,,Attchd,2002.0,RFn,2.0,550.0,TA,TA,Y,0,48,0,0,0,0,,,,0,11,2009,WD ,Normal,198500
2393,2670,902456015,50,C (all),63.0,4761,Pave,,Reg,Lvl,AllPub,Corner,Gtl,IDOTRR,Norm,Norm,1Fam,1.5Unf,3,3,1918,1950,Gable,CompShg,Wd Sdng,Wd Sdng,None,0.0,Fa,Fa,BrkTil,TA,Fa,No,Unf,0.0,Unf,0.0,1020.0,1020.0,GasA,Fa,N,FuseP,1020,0,0,1020,0.0,0.0,1,0,2,1,Fa,5,Typ,0,,,,,0.0,0.0,,,N,0,0,105,0,0,0,,,,0,10,2006,ConLD,Normal,64500
2280,2545,534400120,190,RL,80.0,8800,Pave,,Reg,Lvl,AllPub,Inside,Gtl,NAmes,RRAn,Norm,2fmCon,1Story,6,7,1965,2000,Hip,CompShg,BrkFace,VinylSd,None,0.0,TA,Gd,PConc,TA,TA,Mn,ALQ,901.0,BLQ,252.0,34.0,1187.0,GasA,Ex,Y,SBrkr,1565,0,0,1565,1.0,0.0,2,0,3,1,Gd,7,Min1,2,TA,Attchd,1965.0,RFn,1.0,299.0,TA,TA,Y,200,25,211,0,0,0,,MnPrv,Shed,460,6,2006,WD ,Abnorml,185900
2094,2338,527226010,60,RL,,14762,Pave,,IR2,Lvl,AllPub,Corner,Gtl,Gilbert,Feedr,Norm,1Fam,2Story,5,6,1948,1950,Gable,CompShg,Plywood,Plywood,None,0.0,TA,TA,Slab,,,,,0.0,,0.0,0.0,0.0,GasA,Gd,Y,SBrkr,1547,720,53,2320,0.0,0.0,2,0,2,1,TA,7,Typ,1,TA,Attchd,1979.0,Unf,2.0,672.0,TA,TA,P,120,144,0,0,0,0,,,,0,5,2006,WD ,Normal,169000
1916,2133,907192120,20,RL,72.0,10665,Pave,,IR1,Lvl,AllPub,Inside,Gtl,CollgCr,Norm,Norm,1Fam,1Story,7,5,2003,2003,Gable,CompShg,VinylSd,VinylSd,BrkFace,167.0,Gd,TA,PConc,Gd,TA,Av,GLQ,1013.0,Unf,0.0,440.0,1453.0,GasA,Ex,Y,SBrkr,1479,0,0,1479,1.0,0.0,2,0,3,1,Gd,7,Typ,0,,Attchd,2003.0,RFn,2.0,558.0,TA,TA,Y,144,29,0,0,0,0,,,,0,6,2007,WD ,Normal,226000
428,479,528240060,80,RL,,7750,Pave,,Reg,Lvl,AllPub,Inside,Gtl,Gilbert,Norm,Norm,1Fam,SLvl,8,5,2002,2002,Hip,CompShg,VinylSd,VinylSd,None,0.0,Gd,TA,PConc,Gd,TA,No,GLQ,353.0,Unf,0.0,55.0,408.0,GasA,Ex,Y,SBrkr,779,640,0,1419,1.0,0.0,2,1,3,1,Gd,7,Typ,1,TA,BuiltIn,2002.0,Fin,2.0,527.0,TA,TA,Y,120,0,0,0,0,0,,,,0,3,2009,WD ,Normal,184100
2506,2793,907255010,20,RL,,11088,Pave,,Reg,Lvl,AllPub,Corner,Gtl,CollgCr,Norm,Norm,1Fam,1Story,8,5,2002,2002,Hip,CompShg,Stucco,Stucco,None,0.0,Gd,TA,PConc,Gd,TA,No,GLQ,872.0,Unf,0.0,476.0,1348.0,GasA,Ex,Y,SBrkr,1358,0,0,1358,1.0,0.0,1,1,1,1,Gd,5,Typ,1,TA,Attchd,2002.0,Unf,2.0,418.0,TA,TA,Y,68,166,0,0,0,0,,,,0,6,2006,WD ,Normal,220000
2570,2861,909276070,50,RL,80.0,12400,Pave,,Reg,HLS,AllPub,Inside,Mod,Crawfor,Norm,Norm,1Fam,1.5Fin,5,6,1940,1950,Gable,CompShg,Wd Sdng,Wd Sdng,None,0.0,TA,TA,CBlock,Gd,TA,Mn,BLQ,602.0,Unf,0.0,299.0,901.0,GasA,TA,Y,SBrkr,1125,592,0,1717,0.0,0.0,1,1,2,1,TA,7,Typ,1,Gd,Attchd,1940.0,Unf,1.0,410.0,TA,TA,Y,0,0,0,0,113,0,,,,0,2,2006,WD ,Normal,194000
1071,1193,534201240,60,RL,73.0,8814,Pave,,Reg,Lvl,AllPub,Inside,Gtl,NAmes,Feedr,Norm,1Fam,2Story,5,6,1968,1968,Gable,CompShg,MetalSd,MetalSd,None,0.0,TA,TA,CBlock,TA,TA,No,LwQ,732.0,Unf,0.0,0.0,732.0,GasA,Ex,Y,SBrkr,732,732,0,1464,0.0,0.0,1,1,4,1,TA,7,Typ,0,,Attchd,1968.0,Unf,2.0,470.0,TA,TA,Y,0,40,0,0,0,0,,,,0,6,2008,WD ,Normal,141000
1610,1801,528477020,20,FV,84.0,11096,Pave,,Reg,Lvl,AllPub,Inside,Gtl,Somerst,Norm,Norm,1Fam,1Story,8,5,2006,2006,Gable,CompShg,VinylSd,VinylSd,None,0.0,Gd,TA,PConc,Gd,TA,Av,GLQ,24.0,Unf,0.0,1632.0,1656.0,GasA,Ex,Y,SBrkr,1656,0,0,1656,0.0,0.0,2,0,3,1,Gd,7,Typ,0,,Attchd,2006.0,RFn,3.0,826.0,TA,TA,Y,0,146,0,0,0,0,,,,0,7,2007,WD ,Normal,249700
1722,1922,535155110,20,RL,80.0,9250,Pave,,Reg,Lvl,AllPub,Corner,Gtl,NAmes,Norm,Norm,1Fam,1Story,5,7,1954,2005,Gable,CompShg,Wd Sdng,Wd Sdng,None,0.0,TA,TA,CBlock,TA,TA,No,BLQ,480.0,LwQ,468.0,108.0,1056.0,GasA,TA,Y,SBrkr,1056,0,0,1056,0.0,1.0,1,0,3,1,TA,6,Typ,0,,Attchd,1954.0,Unf,1.0,260.0,TA,TA,Y,390,0,0,0,0,0,,,,0,7,2007,WD ,Normal,139400
1800,2008,903205085,30,RL,98.0,8731,Pave,,IR1,Lvl,AllPub,Inside,Gtl,BrkSide,Norm,Norm,1Fam,1Story,5,5,1920,1950,Gable,CompShg,Stucco,Stucco,None,0.0,TA,Fa,BrkTil,TA,TA,No,BLQ,645.0,Unf,0.0,270.0,915.0,GasA,TA,Y,SBrkr,1167,0,0,1167,0.0,0.0,1,0,3,1,TA,6,Maj1,1,Gd,Detchd,1972.0,Unf,2.0,495.0,TA,TA,Y,0,0,216,0,126,0,,,,0,5,2007,WD ,Normal,144000
865,970,923201100,20,RL,75.0,12518,Pave,,IR1,Lvl,AllPub,Inside,Gtl,Mitchel,Norm,Norm,1Fam,1Story,5,7,1968,1968,Gable,CompShg,HdBoard,HdBoard,BrkFace,182.0,TA,TA,CBlock,TA,TA,No,ALQ,532.0,Unf,0.0,476.0,1008.0,GasA,Gd,Y,SBrkr,1008,0,0,1008,0.0,0.0,1,0,3,1,Gd,6,Typ,0,,Attchd,1968.0,Unf,1.0,384.0,TA,TA,Y,144,0,0,0,0,0,,MnPrv,,0,4,2009,WD ,Normal,139500
2610,2902,921205030,20,RL,88.0,11443,Pave,,Reg,Lvl,AllPub,Inside,Gtl,Timber,Norm,Norm,1Fam,1Story,8,5,2005,2006,Hip,CompShg,VinylSd,VinylSd,BrkFace,208.0,Gd,TA,PConc,Ex,TA,Gd,GLQ,1460.0,Unf,0.0,408.0,1868.0,GasA,Ex,Y,SBrkr,2028,0,0,2028,1.0,0.0,2,0,2,1,Gd,7,Typ,2,Gd,Attchd,2005.0,RFn,3.0,880.0,TA,TA,Y,326,66,0,0,0,0,,,,0,3,2006,New,Partial,369900
1698,1896,534425015,20,RL,,22002,Pave,,Reg,Lvl,AllPub,Corner,Gtl,NAmes,Norm,Norm,1Fam,1Story,6,7,1959,1991,Gable,CompShg,MetalSd,MetalSd,BrkFace,136.0,TA,Gd,CBlock,TA,TA,Mn,ALQ,1386.0,Unf,0.0,206.0,1592.0,GasA,Gd,Y,SBrkr,1652,0,0,1652,1.0,0.0,1,1,3,1,Gd,6,Typ,1,Gd,Attchd,1959.0,RFn,2.0,510.0,TA,TA,Y,0,0,0,0,201,0,,,,0,7,2007,WD ,Normal,200000
619,695,902103120,90,RM,57.0,10307,Pave,Grvl,Reg,Lvl,AllPub,Inside,Gtl,OldTown,Norm,Norm,Duplex,2Story,6,5,1910,1950,Gable,CompShg,Wd Sdng,Wd Sdng,None,0.0,TA,TA,CBlock,TA,TA,Mn,LwQ,633.0,Unf,0.0,339.0,972.0,GasA,Gd,N,FuseA,972,972,0,1944,1.0,0.0,2,0,4,2,TA,12,Typ,0,,Detchd,1920.0,Unf,2.0,324.0,Fa,TA,N,0,28,169,0,0,0,,,,0,6,2009,WD ,Normal,103500
322,362,527164090,60,RL,65.0,8125,Pave,,Reg,Lvl,AllPub,Inside,Gtl,Gilbert,Norm,Norm,1Fam,2Story,6,5,1994,1995,Gable,CompShg,HdBoard,HdBoard,None,0.0,TA,TA,PConc,Gd,TA,No,Unf,0.0,Unf,0.0,702.0,702.0,GasA,Gd,Y,SBrkr,702,779,0,1481,0.0,0.0,2,1,3,1,TA,6,Typ,1,TA,Attchd,1994.0,Fin,2.0,343.0,TA,TA,Y,0,36,0,0,0,0,,,,0,3,2009,WD ,Normal,174000
808,906,909129090,50,RH,70.0,6300,Pave,Pave,Reg,Lvl,AllPub,Corner,Gtl,SWISU,Norm,Norm,1Fam,1.5Fin,5,4,1938,1950,Gable,CompShg,MetalSd,MetalSd,BrkFace,88.0,TA,TA,PConc,TA,Fa,No,LwQ,832.0,Unf,0.0,0.0,832.0,GasA,TA,Y,SBrkr,832,436,0,1268,0.0,0.0,1,1,3,1,TA,7,Typ,2,Gd,Basment,1938.0,Unf,1.0,250.0,TA,TA,Y,0,0,55,0,0,0,,,,0,7,2009,WD ,Abnorml,160000
2556,2846,909131125,190,RH,,7082,Pave,,Reg,Lvl,AllPub,Inside,Gtl,SWISU,Norm,Norm,2fmCon,2Story,5,8,1916,1995,Gable,CompShg,VinylSd,VinylSd,None,0.0,TA,TA,PConc,TA,TA,Mn,Unf,0.0,Unf,0.0,686.0,686.0,GasA,Gd,Y,SBrkr,948,980,0,1928,0.0,0.0,2,0,5,2,TA,10,Typ,0,,,,,0.0,0.0,,,N,0,0,228,0,0,0,,,,0,7,2006,WD ,Normal,160000
2355,2627,535454060,90,RL,60.0,8544,Pave,,Reg,Lvl,AllPub,Inside,Gtl,NAmes,Norm,Norm,Duplex,1Story,3,4,1950,1950,Gable,CompShg,Stucco,Stone,None,0.0,TA,TA,CBlock,,,,,0.0,,0.0,0.0,0.0,GasA,Gd,N,FuseF,1040,0,0,1040,0.0,0.0,2,0,2,2,TA,6,Typ,0,,Detchd,1949.0,Unf,2.0,400.0,TA,TA,Y,0,0,0,0,0,0,,,,0,7,2006,WD ,Normal,93500
274,311,914475090,80,RL,74.0,9620,Pave,,Reg,Lvl,AllPub,Inside,Gtl,Mitchel,Norm,Norm,1Fam,SLvl,6,7,1977,1977,Gable,CompShg,Plywood,Plywood,None,0.0,TA,TA,CBlock,TA,TA,No,ALQ,679.0,Unf,0.0,564.0,1243.0,GasA,TA,Y,SBrkr,1285,0,0,1285,0.0,1.0,2,0,3,1,Gd,6,Typ,1,Fa,Attchd,1977.0,Unf,2.0,473.0,TA,TA,Y,375,26,0,0,0,0,,GdPrv,Shed,80,5,2010,WD ,Normal,190000
472,531,528488100,20,FV,62.0,7500,Pave,Pave,Reg,Lvl,AllPub,Inside,Gtl,Somerst,Norm,Norm,1Fam,1Story,7,5,2004,2005,Gable,CompShg,VinylSd,VinylSd,None,0.0,Gd,TA,PConc,Gd,TA,No,GLQ,410.0,Unf,0.0,811.0,1221.0,GasA,Ex,Y,SBrkr,1221,0,0,1221,1.0,0.0,2,0,2,1,Gd,6,Typ,0,,Attchd,2004.0,RFn,2.0,400.0,TA,TA,Y,0,113,0,0,0,0,,,,0,10,2009,WD ,Normal,185000
2400,2677,903231190,50,RM,,6240,Pave,,Reg,Lvl,AllPub,Inside,Gtl,BrkSide,Norm,Norm,1Fam,1.5Fin,5,4,1936,1950,Gable,CompShg,MetalSd,MetalSd,None,0.0,TA,TA,BrkTil,Gd,TA,No,Unf,0.0,Unf,0.0,896.0,896.0,GasA,Gd,Y,FuseA,896,448,0,1344,0.0,0.0,1,0,3,1,TA,7,Typ,0,,Detchd,1936.0,Unf,1.0,240.0,Fa,TA,Y,200,114,0,0,0,0,,,,0,4,2006,WD ,Normal,115000
1546,1731,528218100,60,RL,58.0,13204,Pave,,IR1,Lvl,AllPub,Inside,Gtl,Gilbert,RRAn,Norm,1Fam,2Story,7,5,2006,2007,Gable,CompShg,VinylSd,VinylSd,Stone,44.0,TA,TA,PConc,Gd,TA,No,Unf,0.0,Unf,0.0,608.0,608.0,GasA,Ex,Y,SBrkr,608,850,0,1458,0.0,0.0,2,0,3,1,Gd,6,Typ,0,,BuiltIn,2007.0,Fin,2.0,454.0,TA,TA,Y,100,33,0,0,0,0,,,,0,5,2007,New,Partial,168165
222,254,906402200,60,RL,90.0,12376,Pave,,Reg,Lvl,AllPub,Corner,Gtl,SawyerW,Norm,Norm,1Fam,2Story,7,5,1990,1990,Hip,CompShg,Plywood,Plywood,None,0.0,TA,TA,PConc,Gd,TA,Mn,GLQ,1470.0,Unf,0.0,203.0,1673.0,GasA,Gd,Y,SBrkr,1699,1523,0,3222,1.0,0.0,3,0,5,1,Gd,11,Typ,2,TA,Attchd,1990.0,Unf,3.0,594.0,TA,TA,Y,367,0,0,0,0,0,,,,0,5,2010,WD ,Normal,320000
1329,1483,907425015,120,RM,,4426,Pave,,Reg,Lvl,AllPub,Inside,Gtl,CollgCr,Norm,Norm,TwnhsE,1Story,6,5,2004,2004,Gable,CompShg,VinylSd,VinylSd,BrkFace,147.0,Gd,TA,PConc,Gd,TA,Gd,GLQ,697.0,Unf,0.0,151.0,848.0,GasA,Ex,Y,SBrkr,848,0,0,848,1.0,0.0,1,0,1,1,Gd,3,Typ,1,TA,Attchd,2004.0,RFn,2.0,420.0,TA,TA,Y,149,0,0,0,0,0,,,,0,5,2008,WD ,Normal,141000
2456,2738,905427030,75,RL,60.0,19800,Pave,,Reg,Lvl,AllPub,Inside,Gtl,Edwards,Norm,Norm,1Fam,2.5Unf,6,8,1935,1990,Gable,CompShg,BrkFace,Wd Sdng,None,0.0,TA,TA,BrkTil,TA,TA,No,Rec,425.0,Unf,0.0,1411.0,1836.0,GasA,Gd,Y,SBrkr,1836,1836,0,3672,0.0,0.0,3,1,5,1,Gd,7,Typ,2,Gd,Detchd,1993.0,Unf,2.0,836.0,TA,TA,Y,684,80,32,0,0,0,,,,0,12,2006,WD ,Normal,415000
564,634,535154130,20,RL,66.0,9240,Pave,,IR1,Lvl,AllPub,Inside,Gtl,NAmes,Norm,Norm,1Fam,1Story,6,8,1959,1998,Hip,CompShg,MetalSd,MetalSd,None,0.0,Gd,TA,CBlock,TA,TA,No,ALQ,708.0,Unf,0.0,280.0,988.0,GasA,TA,Y,SBrkr,988,0,0,988,1.0,0.0,2,0,3,1,Gd,6,Typ,0,,Attchd,1959.0,Unf,1.0,297.0,TA,TA,Y,156,0,0,0,0,0,,,,0,6,2009,WD ,Normal,149500
1862,2075,905376090,20,RL,,17541,Pave,,IR1,Lvl,AllPub,Corner,Gtl,Edwards,Norm,Norm,1Fam,1Story,5,7,1948,2005,Hip,CompShg,Wd Sdng,Wd Sdng,None,0.0,TA,Gd,CBlock,TA,Gd,Mn,BLQ,300.0,Unf,0.0,109.0,409.0,GasA,Ex,Y,SBrkr,1325,0,0,1325,0.0,0.0,2,0,3,1,Gd,6,Typ,1,TA,Detchd,1996.0,Unf,2.0,576.0,TA,TA,Y,0,42,0,0,0,0,,,,0,7,2007,WD ,Normal,216000
592,664,535383070,50,RL,90.0,5400,Pave,,Reg,Lvl,AllPub,Corner,Gtl,OldTown,Artery,Norm,1Fam,1.5Fin,4,6,1920,1950,Gable,CompShg,CBlock,CBlock,None,0.0,Fa,TA,PConc,TA,TA,No,ALQ,315.0,Rec,105.0,420.0,840.0,GasA,Ex,Y,SBrkr,840,534,0,1374,0.0,0.0,1,0,2,1,TA,6,Typ,0,,Detchd,1967.0,Fin,1.0,338.0,TA,TA,Y,0,0,198,0,0,0,,,,0,10,2009,WD ,Normal,105000
458,517,528456240,20,FV,75.0,7862,Pave,,IR1,Lvl,AllPub,Inside,Gtl,Somerst,Norm,Norm,1Fam,1Story,6,5,2009,2009,Gable,CompShg,VinylSd,VinylSd,None,0.0,Gd,TA,PConc,Gd,TA,No,GLQ,27.0,Unf,0.0,1191.0,1218.0,GasA,Ex,Y,SBrkr,1218,0,0,1218,0.0,0.0,2,0,2,1,Gd,4,Typ,0,,Attchd,2009.0,Fin,2.0,676.0,TA,TA,Y,0,102,0,0,0,0,,,,0,9,2009,New,Partial,208300
1305,1454,907250020,20,RL,75.0,9742,Pave,,Reg,Lvl,AllPub,Inside,Gtl,CollgCr,Norm,Norm,1Fam,1Story,8,5,2002,2002,Hip,CompShg,VinylSd,VinylSd,BrkFace,281.0,Gd,TA,PConc,Gd,TA,No,Unf,0.0,Unf,0.0,1777.0,1777.0,GasA,Ex,Y,SBrkr,1795,0,0,1795,0.0,0.0,2,0,3,1,Gd,7,Typ,1,Gd,Attchd,2002.0,RFn,2.0,534.0,TA,TA,Y,171,159,0,0,0,0,,,,0,9,2008,WD ,Normal,230000
2137,2386,528116030,20,RL,98.0,16033,Pave,,IR1,Lvl,AllPub,FR2,Gtl,NridgHt,Norm,Norm,1Fam,1Story,9,5,2004,2005,Hip,CompShg,VinylSd,VinylSd,BrkFace,378.0,Gd,TA,PConc,Ex,TA,Gd,GLQ,1261.0,Unf,0.0,572.0,1833.0,GasA,Ex,Y,SBrkr,1850,0,0,1850,1.0,0.0,2,0,3,1,Gd,8,Typ,1,Gd,Attchd,2004.0,Fin,3.0,772.0,TA,TA,Y,519,112,0,0,0,0,,,,0,3,2006,WD ,Normal,326000
955,1066,528170070,60,RL,85.0,10625,Pave,,Reg,Lvl,AllPub,Inside,Gtl,NridgHt,Norm,Norm,1Fam,2Story,7,5,2003,2004,Gable,CompShg,VinylSd,VinylSd,BrkFace,292.0,Gd,TA,PConc,Gd,TA,No,GLQ,866.0,Unf,0.0,132.0,998.0,GasA,Ex,Y,SBrkr,1006,1040,0,2046,1.0,0.0,2,1,3,1,Gd,8,Typ,1,Gd,BuiltIn,2003.0,RFn,3.0,871.0,TA,TA,Y,320,62,0,0,0,0,,,,0,8,2008,WD ,Normal,284000
547,613,534429150,80,RL,85.0,11475,Pave,,Reg,Lvl,AllPub,Corner,Gtl,NAmes,Norm,Norm,1Fam,SLvl,6,6,1961,1961,Hip,CompShg,HdBoard,HdBoard,BrkFace,90.0,TA,TA,CBlock,TA,TA,Gd,ALQ,568.0,Unf,0.0,640.0,1208.0,GasA,Ex,Y,SBrkr,1576,0,0,1576,1.0,0.0,1,0,4,1,Gd,7,Typ,1,Po,BuiltIn,1961.0,Fin,2.0,368.0,TA,TA,Y,85,0,0,0,0,0,,,,0,9,2009,WD ,Normal,174500
1876,2089,905480180,20,RL,60.0,9060,Pave,,Reg,Lvl,AllPub,Inside,Gtl,Edwards,Artery,Norm,1Fam,1Story,5,6,1957,2006,Hip,CompShg,Wd Sdng,Wd Sdng,BrkFace,98.0,TA,TA,PConc,,,,,0.0,,0.0,0.0,0.0,GasA,Ex,Y,SBrkr,1340,0,0,1340,0.0,0.0,1,0,3,1,TA,7,Typ,1,Gd,Attchd,1957.0,RFn,1.0,252.0,TA,TA,Y,116,0,0,180,0,0,,MnPrv,,0,6,2007,WD ,Normal,120000
57,66,528386040,50,RL,56.0,14720,Pave,,IR1,Lvl,AllPub,CulDSac,Gtl,NoRidge,Norm,Norm,1Fam,1.5Fin,8,5,1995,1996,Hip,CompShg,VinylSd,VinylSd,BrkFace,579.0,Gd,TA,PConc,Gd,TA,Av,GLQ,816.0,Unf,0.0,1217.0,2033.0,GasA,Ex,Y,SBrkr,2053,1185,0,3238,1.0,0.0,2,1,4,1,Gd,9,Typ,1,Ex,Attchd,1996.0,Fin,3.0,666.0,TA,TA,Y,283,86,0,0,0,0,,,,0,3,2010,WD ,Normal,410000
2447,2729,905300010,85,RL,72.0,10820,Pave,,Reg,Lvl,AllPub,Corner,Gtl,Sawyer,Feedr,Norm,1Fam,SFoyer,5,7,1971,1972,Gable,CompShg,HdBoard,HdBoard,BrkFace,153.0,TA,TA,PConc,Gd,TA,Av,GLQ,535.0,Rec,159.0,88.0,782.0,GasA,Ex,Y,SBrkr,810,0,0,810,1.0,0.0,1,0,2,1,TA,4,Typ,0,,Detchd,1973.0,Unf,2.0,576.0,TA,TA,Y,0,0,0,0,0,0,,MnPrv,,0,6,2006,WD ,Normal,130000
823,923,909277090,20,RL,80.0,14680,Pave,Grvl,IR1,HLS,AllPub,Inside,Gtl,Crawfor,Norm,Norm,1Fam,1Story,5,4,1960,1960,Gable,CompShg,MetalSd,MetalSd,None,0.0,TA,TA,CBlock,TA,TA,No,Rec,793.0,Unf,0.0,480.0,1273.0,GasA,Ex,Y,SBrkr,1273,0,0,1273,0.0,0.0,1,0,2,1,TA,5,Typ,0,,Attchd,1960.0,Unf,1.0,307.0,TA,TA,Y,483,0,0,0,115,0,,MnPrv,,0,6,2009,WD ,Normal,155000
698,784,905377010,20,RL,,17140,Pave,,Reg,Lvl,AllPub,Inside,Gtl,Edwards,Norm,Norm,1Fam,1Story,4,6,1956,1956,Gable,CompShg,VinylSd,VinylSd,None,0.0,TA,TA,CBlock,TA,TA,No,ALQ,1059.0,Unf,0.0,75.0,1134.0,GasA,Ex,Y,FuseA,1229,0,0,1229,0.0,0.0,1,0,3,1,TA,6,Typ,0,,Attchd,1956.0,RFn,1.0,284.0,TA,TA,Y,0,0,0,0,0,0,,,,0,4,2009,WD ,Normal,135000
795,892,908154040,20,RL,86.0,13286,Pave,,IR1,Lvl,AllPub,Inside,Gtl,Edwards,Norm,Norm,1Fam,1Story,9,5,2007,2008,Hip,CompShg,CemntBd,CmentBd,Stone,340.0,Ex,TA,PConc,Ex,TA,No,GLQ,1234.0,Unf,0.0,464.0,1698.0,GasA,Ex,Y,SBrkr,1698,0,0,1698,1.0,0.0,2,0,3,1,Ex,8,Typ,1,Gd,Attchd,2007.0,Fin,3.0,768.0,TA,TA,Y,327,64,0,0,0,0,,,,0,2,2009,WD ,Normal,320000
1157,1287,902103150,50,RM,57.0,9184,Pave,Grvl,Reg,Lvl,AllPub,Inside,Gtl,OldTown,Artery,Norm,1Fam,1.5Fin,5,7,1948,2005,Gable,CompShg,WdShing,Wd Shng,None,0.0,TA,TA,BrkTil,TA,TA,No,Unf,0.0,Unf,0.0,780.0,780.0,GasA,Ex,Y,SBrkr,948,375,0,1323,0.0,0.0,1,0,3,1,TA,6,Typ,0,,Detchd,1948.0,Unf,2.0,400.0,TA,TA,Y,0,0,0,0,0,0,,,,0,7,2008,WD ,Normal,122600
1878,2091,906201022,20,RL,114.0,10357,Pave,,IR1,Lvl,AllPub,Corner,Gtl,SawyerW,Feedr,Norm,1Fam,1Story,7,5,1990,1991,Hip,CompShg,HdBoard,HdBoard,None,0.0,Gd,TA,PConc,Gd,TA,Mn,GLQ,738.0,Unf,0.0,172.0,910.0,GasA,Gd,Y,SBrkr,1442,0,0,1442,1.0,0.0,2,0,3,1,Gd,6,Typ,1,TA,Attchd,1990.0,Fin,2.0,719.0,TA,TA,Y,0,244,0,0,0,0,,,,0,5,2007,WD ,Normal,179900
1334,1489,908102260,20,RL,75.0,9937,Pave,,Reg,Lvl,AllPub,Inside,Gtl,Edwards,Norm,Norm,1Fam,1Story,5,6,1965,1965,Gable,CompShg,HdBoard,HdBoard,None,0.0,Gd,TA,CBlock,TA,TA,No,BLQ,830.0,LwQ,290.0,136.0,1256.0,GasA,Gd,Y,SBrkr,1256,0,0,1256,1.0,0.0,1,1,3,1,TA,6,Typ,0,,Attchd,1965.0,Fin,1.0,276.0,TA,TA,Y,736,68,0,0,0,0,,,,0,6,2008,WD ,Normal,147500
1016,1130,528488140,20,FV,62.0,7500,Pave,Pave,Reg,Lvl,AllPub,Inside,Gtl,Somerst,Norm,Norm,1Fam,1Story,7,5,2007,2008,Gable,CompShg,CemntBd,CmentBd,Stone,210.0,Gd,TA,PConc,Gd,TA,No,GLQ,902.0,Unf,0.0,316.0,1218.0,GasA,Ex,Y,SBrkr,1218,0,0,1218,1.0,0.0,2,0,2,1,Gd,6,Typ,0,,Attchd,2008.0,Fin,2.0,462.0,TA,TA,Y,168,168,0,0,0,0,,,,0,4,2008,New,Partial,230348
1996,2224,909428180,20,RL,,25485,Pave,,IR1,Lvl,AllPub,CulDSac,Gtl,Crawfor,Norm,Norm,1Fam,1Story,6,4,1960,1960,Gable,CompShg,Wd Sdng,MetalSd,BrkFace,423.0,TA,Fa,CBlock,TA,Gd,Mn,LwQ,540.0,Rec,1020.0,0.0,1560.0,GasA,TA,Y,SBrkr,1560,0,0,1560,0.0,0.0,1,1,3,1,TA,6,Typ,3,TA,Attchd,1960.0,RFn,2.0,580.0,TA,TA,Y,0,75,584,0,0,0,,,,0,5,2007,WD ,Normal,201000
1750,1950,535379060,30,RL,60.0,10800,Pave,Grvl,Reg,Lvl,AllPub,Inside,Gtl,OldTown,Norm,Norm,1Fam,1Story,4,6,1927,2007,Gable,CompShg,Wd Sdng,Wd Sdng,None,0.0,TA,TA,BrkTil,TA,TA,No,Unf,0.0,Unf,0.0,656.0,656.0,GasA,TA,Y,SBrkr,968,0,0,968,0.0,0.0,2,0,4,1,TA,5,Typ,0,,Detchd,1928.0,Unf,1.0,216.0,Fa,Fa,Y,0,0,0,0,0,0,,,,0,8,2007,WD ,Normal,64500
282,319,916386090,60,RL,92.0,12003,Pave,,Reg,Lvl,AllPub,Corner,Gtl,Timber,Norm,Norm,1Fam,2Story,8,5,2009,2010,Gable,CompShg,VinylSd,VinylSd,BrkFace,84.0,Gd,TA,PConc,Ex,TA,No,Unf,0.0,Unf,0.0,774.0,774.0,GasA,Ex,Y,SBrkr,774,1194,0,1968,0.0,0.0,2,1,4,1,Ex,8,Typ,1,Gd,BuiltIn,2009.0,Fin,3.0,680.0,TA,TA,Y,0,75,0,0,0,0,,,,0,5,2010,New,Partial,269500
1694,1892,534401200,80,RL,80.0,9200,Pave,,Reg,Lvl,AllPub,Inside,Gtl,NAmes,Norm,Norm,1Fam,SLvl,6,5,1965,1965,Gable,CompShg,HdBoard,HdBoard,BrkFace,98.0,TA,TA,CBlock,TA,TA,Gd,GLQ,494.0,Unf,0.0,548.0,1042.0,GasA,TA,Y,SBrkr,1042,0,0,1042,0.0,0.0,2,0,3,1,TA,5,Typ,0,,Attchd,1965.0,RFn,2.0,440.0,TA,TA,Y,192,0,0,0,0,0,,GdPrv,,0,5,2007,WD ,Normal,161000
2179,2432,528235050,60,RL,,7861,Pave,,IR1,Lvl,AllPub,Inside,Gtl,Gilbert,Norm,Norm,1Fam,2Story,6,5,2002,2003,Gable,CompShg,VinylSd,VinylSd,None,0.0,Gd,TA,PConc,Gd,TA,No,GLQ,457.0,Unf,0.0,326.0,783.0,GasA,Ex,Y,SBrkr,807,702,0,1509,1.0,0.0,2,1,3,1,Gd,7,Typ,1,Gd,Attchd,2002.0,Fin,2.0,393.0,TA,TA,Y,100,75,0,0,0,0,,,,0,6,2006,WD ,Normal,183200
2081,2322,527108090,60,RL,168.0,23257,Pave,,IR3,HLS,AllPub,CulDSac,Gtl,Gilbert,Norm,Norm,1Fam,2Story,7,5,2006,2006,Gable,CompShg,VinylSd,VinylSd,None,0.0,Gd,TA,PConc,Ex,Gd,No,Unf,0.0,Unf,0.0,868.0,868.0,GasA,Ex,Y,SBrkr,887,1134,0,2021,0.0,0.0,2,1,3,1,Gd,9,Typ,1,Gd,BuiltIn,2006.0,RFn,2.0,422.0,TA,TA,Y,0,100,0,0,0,0,,,,0,9,2006,New,Partial,274725
2276,2540,534226060,20,RL,71.0,9230,Pave,,Reg,Lvl,AllPub,Corner,Gtl,NAmes,Feedr,Norm,1Fam,1Story,5,8,1965,1998,Hip,CompShg,MetalSd,MetalSd,BrkFace,166.0,TA,TA,CBlock,TA,TA,Mn,GLQ,661.0,Unf,0.0,203.0,864.0,GasA,Gd,Y,SBrkr,1200,0,0,1200,1.0,0.0,1,1,1,1,Gd,6,Typ,0,,Detchd,1977.0,Unf,2.0,884.0,TA,TA,Y,0,64,0,0,0,0,,MnPrv,,0,10,2006,WD ,Normal,146000
214,244,905478190,20,RL,60.0,11100,Pave,,Reg,Low,AllPub,Inside,Gtl,Edwards,Norm,Norm,1Fam,1Story,4,7,1946,2006,Gable,CompShg,MetalSd,MetalSd,None,0.0,TA,TA,CBlock,,,,,0.0,,0.0,0.0,0.0,GasA,Ex,Y,SBrkr,930,0,0,930,0.0,0.0,1,0,2,1,Gd,6,Typ,0,,Detchd,1946.0,Unf,1.0,308.0,TA,TA,Y,0,0,0,0,0,0,,,,0,4,2010,WD ,Abnorml,84900
2513,2801,907290020,60,RL,75.0,9750,Pave,,Reg,Lvl,AllPub,Corner,Gtl,CollgCr,Norm,Norm,1Fam,2Story,7,6,1998,1998,Gable,CompShg,VinylSd,VinylSd,None,0.0,TA,TA,PConc,Gd,TA,Av,GLQ,975.0,Unf,0.0,133.0,1108.0,GasA,Ex,Y,SBrkr,1108,989,0,2097,1.0,0.0,2,1,3,1,Gd,8,Typ,1,TA,Detchd,1998.0,RFn,2.0,583.0,TA,TA,Y,253,170,0,0,0,0,,,,0,6,2006,WD ,Normal,274300
128,152,535304060,190,RL,70.0,13587,Pave,,Reg,Lvl,AllPub,Inside,Gtl,NAmes,Norm,Norm,2fmCon,1Story,5,5,1958,1958,Gable,CompShg,MetalSd,MetalSd,None,0.0,TA,TA,CBlock,TA,TA,Av,Rec,532.0,Unf,0.0,456.0,988.0,GasA,TA,Y,SBrkr,988,0,0,988,1.0,0.0,1,0,2,1,TA,5,Typ,0,,Attchd,1958.0,Unf,1.0,264.0,TA,TA,Y,0,0,0,0,0,0,,,,0,4,2010,WD ,Abnorml,119000
454,512,528439060,20,RL,76.0,9139,Pave,,IR1,Lvl,AllPub,Inside,Gtl,Somerst,Norm,Norm,1Fam,1Story,8,5,2006,2006,Hip,CompShg,VinylSd,VinylSd,Stone,206.0,Gd,TA,PConc,Ex,TA,Av,GLQ,379.0,Unf,0.0,1043.0,1422.0,GasA,Ex,Y,SBrkr,1432,0,0,1432,0.0,0.0,2,0,3,1,Gd,7,Typ,1,Gd,Attchd,2006.0,Fin,2.0,492.0,TA,TA,Y,297,50,0,0,0,0,,,,0,9,2009,WD ,Normal,245000
1892,2107,906380160,20,RL,74.0,8556,Pave,,Reg,Lvl,AllPub,Inside,Gtl,CollgCr,Norm,Norm,1Fam,1Story,7,5,2006,2006,Gable,CompShg,VinylSd,VinylSd,None,0.0,Gd,TA,PConc,Gd,TA,Av,Unf,0.0,Unf,0.0,1240.0,1240.0,GasA,Ex,Y,SBrkr,1240,0,0,1240,0.0,0.0,2,0,2,1,Gd,5,Typ,0,,Attchd,2006.0,RFn,3.0,826.0,TA,TA,Y,140,93,0,0,0,0,,,,0,5,2007,WD ,Normal,194000
2634,2928,923400125,85,RL,62.0,10441,Pave,,Reg,Lvl,AllPub,Inside,Gtl,Mitchel,Norm,Norm,1Fam,SFoyer,5,5,1992,1992,Gable,CompShg,HdBoard,Wd Shng,None,0.0,TA,TA,PConc,Gd,TA,Av,GLQ,337.0,Unf,0.0,575.0,912.0,GasA,TA,Y,SBrkr,970,0,0,970,0.0,1.0,1,0,3,1,TA,6,Typ,0,,,,,0.0,0.0,,,Y,80,32,0,0,0,0,,MnPrv,Shed,700,7,2006,WD ,Normal,132000
1027,1143,531384030,60,RL,43.0,14565,Pave,,IR2,Lvl,AllPub,CulDSac,Gtl,SawyerW,Norm,Norm,1Fam,2Story,7,5,1994,1995,Gable,CompShg,VinylSd,VinylSd,BrkFace,145.0,Gd,TA,PConc,Gd,TA,Av,GLQ,537.0,Unf,0.0,295.0,832.0,GasA,Ex,Y,SBrkr,832,825,0,1657,0.0,0.0,2,1,3,1,Gd,6,Typ,0,,Attchd,1994.0,RFn,2.0,483.0,TA,TA,Y,144,74,0,0,0,0,,,Shed,2000,11,2008,WD ,Normal,189000
773,864,907252060,60,RL,,12334,Pave,,IR1,Lvl,AllPub,Inside,Gtl,CollgCr,Norm,Norm,1Fam,2Story,8,5,2003,2003,Gable,CompShg,VinylSd,VinylSd,BrkFace,198.0,Gd,TA,PConc,Gd,TA,Av,Unf,0.0,Unf,0.0,1068.0,1068.0,GasA,Ex,Y,SBrkr,1068,1116,0,2184,0.0,0.0,2,1,4,1,Gd,8,Typ,1,Gd,BuiltIn,2003.0,RFn,2.0,570.0,TA,TA,Y,192,132,0,0,0,0,,,,0,6,2009,WD ,Normal,254750
1817,2025,903425270,50,RL,60.0,8550,Pave,,Reg,Lvl,AllPub,Inside,Gtl,BrkSide,RRAn,Norm,1Fam,1.5Fin,5,5,1926,1950,Gable,CompShg,HdBoard,HdBoard,None,0.0,TA,TA,PConc,Fa,TA,No,Unf,0.0,Unf,0.0,750.0,750.0,GasA,TA,Y,SBrkr,960,356,0,1316,0.0,0.0,1,0,4,1,TA,7,Typ,0,,Detchd,1965.0,Unf,2.0,576.0,TA,TA,Y,0,0,0,0,0,0,,,,0,10,2007,ConLw,Family,90000
852,955,914476430,20,RL,82.0,11070,Pave,,Reg,Lvl,AllPub,Inside,Gtl,Mitchel,Norm,Norm,1Fam,1Story,5,5,1991,1991,Gable,CompShg,HdBoard,HdBoard,None,0.0,TA,TA,PConc,Gd,TA,No,BLQ,55.0,Unf,0.0,1527.0,1582.0,GasA,TA,Y,SBrkr,1595,0,0,1595,1.0,0.0,2,0,2,1,TA,5,Typ,0,,Detchd,1991.0,Unf,2.0,672.0,TA,TA,Y,0,0,0,0,0,0,,,,0,4,2009,COD,Abnorml,152000
966,1078,528188090,160,RL,36.0,2448,Pave,,Reg,Lvl,AllPub,Inside,Gtl,NridgHt,Norm,Norm,Twnhs,2Story,7,5,2003,2004,Gable,CompShg,VinylSd,Wd Shng,Stone,106.0,Gd,TA,PConc,Gd,TA,No,Unf,0.0,Unf,0.0,764.0,764.0,GasA,Ex,Y,SBrkr,764,862,0,1626,0.0,0.0,2,1,2,1,Gd,6,Typ,0,,BuiltIn,2003.0,RFn,2.0,474.0,TA,TA,Y,0,27,0,0,0,0,,,,0,10,2008,WD ,Normal,155000
573,643,535303110,20,RL,53.0,8128,Pave,,IR1,Lvl,AllPub,CulDSac,Gtl,NAmes,Norm,Norm,1Fam,1Story,6,7,1954,1954,Hip,CompShg,MetalSd,MetalSd,BrkFace,80.0,TA,TA,CBlock,TA,TA,No,ALQ,490.0,Unf,0.0,572.0,1062.0,GasA,Gd,Y,SBrkr,1062,0,0,1062,1.0,0.0,1,0,3,1,TA,6,Typ,0,,Attchd,1954.0,Unf,1.0,297.0,TA,TA,Y,0,0,0,0,0,0,,,,0,2,2009,WD ,Normal,131000
605,681,535452090,20,RL,71.0,7350,Pave,,Reg,Lvl,AllPub,Inside,Gtl,NAmes,Norm,Norm,1Fam,1Story,5,6,1958,1958,Hip,CompShg,BrkFace,BrkFace,None,0.0,TA,TA,CBlock,TA,TA,No,Unf,0.0,Unf,0.0,1041.0,1041.0,GasA,Gd,Y,SBrkr,1041,0,0,1041,0.0,0.0,1,0,3,1,TA,6,Typ,0,,Attchd,1958.0,RFn,1.0,294.0,TA,TA,Y,0,0,0,0,0,0,,GdWo,,0,3,2009,WD ,Normal,128000
1540,1723,528186050,120,RL,48.0,7841,Pave,,IR1,Lvl,AllPub,Inside,Gtl,NridgHt,Norm,Norm,TwnhsE,1Story,9,5,2005,2005,Hip,CompShg,MetalSd,MetalSd,BrkFace,394.0,Ex,TA,PConc,Ex,TA,No,GLQ,848.0,Unf,0.0,729.0,1577.0,GasA,Ex,Y,SBrkr,1577,0,0,1577,1.0,0.0,2,0,2,1,Ex,6,Typ,1,Gd,Attchd,2005.0,RFn,2.0,564.0,TA,TA,Y,203,39,0,0,0,0,,,,0,5,2007,WD ,Normal,280000
1730,1930,535300040,20,RL,75.0,10050,Pave,,Reg,Lvl,AllPub,Inside,Gtl,NAmes,Norm,Norm,1Fam,1Story,5,5,1955,1955,Hip,CompShg,MetalSd,MetalSd,None,0.0,TA,TA,CBlock,TA,TA,No,Rec,288.0,Unf,0.0,928.0,1216.0,GasA,TA,Y,SBrkr,1216,0,0,1216,1.0,0.0,1,0,3,1,TA,5,Typ,0,,Attchd,1955.0,RFn,1.0,336.0,TA,TA,Y,0,0,0,0,0,0,,,,0,8,2007,WD ,Normal,129500
474,533,528490070,60,FV,65.0,8127,Pave,,IR1,Lvl,AllPub,Inside,Gtl,Somerst,Norm,Norm,1Fam,2Story,7,5,2003,2003,Gable,CompShg,VinylSd,VinylSd,None,0.0,Gd,TA,PConc,Gd,TA,No,GLQ,410.0,Unf,0.0,402.0,812.0,GasA,Ex,Y,SBrkr,812,841,0,1653,1.0,0.0,2,1,3,1,Gd,6,Typ,0,,Attchd,2003.0,RFn,2.0,628.0,TA,TA,Y,0,45,0,0,0,0,,,,0,3,2009,WD ,Normal,209000
1426,1596,923225200,160,RM,41.0,2665,Pave,,Reg,Lvl,AllPub,Inside,Gtl,MeadowV,Norm,Norm,TwnhsE,2Story,5,7,1976,1976,Gable,CompShg,CemntBd,CmentBd,None,0.0,TA,TA,PConc,Gd,TA,No,ALQ,318.0,Unf,0.0,232.0,550.0,GasA,TA,Y,SBrkr,925,550,0,1475,0.0,0.0,2,0,4,1,TA,6,Typ,1,TA,Attchd,1976.0,Unf,1.0,336.0,TA,TA,Y,92,26,0,0,0,0,,,,0,5,2008,WD ,Normal,129500
2016,2246,911370450,120,RM,59.0,5568,Pave,,IR1,HLS,AllPub,Inside,Mod,Crawfor,Norm,Norm,TwnhsE,1Story,8,5,2006,2007,Hip,CompShg,CemntBd,CmentBd,Stone,473.0,Gd,TA,PConc,Gd,TA,Gd,GLQ,1573.0,Unf,0.0,0.0,1573.0,GasA,Gd,Y,SBrkr,1625,0,0,1625,1.0,1.0,2,0,2,1,Gd,5,Typ,1,Gd,Attchd,2006.0,Fin,2.0,495.0,TA,TA,Y,123,0,0,0,153,0,,,,0,10,2007,New,Partial,375000
1018,1132,531363060,20,RL,63.0,7500,Pave,,Reg,Lvl,AllPub,Inside,Gtl,SawyerW,Norm,Norm,1Fam,1Story,7,5,2004,2005,Gable,CompShg,VinylSd,VinylSd,BrkFace,120.0,TA,TA,PConc,Gd,TA,No,GLQ,680.0,Unf,0.0,400.0,1080.0,GasA,Ex,Y,SBrkr,1080,0,0,1080,1.0,0.0,1,0,3,1,Gd,6,Typ,0,,,,,0.0,0.0,,,Y,0,0,0,0,0,0,,,,0,4,2008,WD ,Normal,141000
531,596,534226120,20,RL,70.0,9100,Pave,,Reg,Lvl,AllPub,Inside,Gtl,NAmes,Norm,Norm,1Fam,1Story,5,6,1965,1965,Gable,CompShg,VinylSd,VinylSd,None,0.0,TA,TA,CBlock,TA,TA,No,BLQ,338.0,Rec,466.0,121.0,925.0,GasA,Ex,Y,SBrkr,925,0,0,925,0.0,1.0,1,0,2,1,TA,5,Typ,0,,Detchd,1965.0,Unf,1.0,429.0,TA,TA,Y,0,0,0,0,0,0,,GdWo,,0,7,2009,WD ,Normal,117500
2144,2394,528142060,60,RL,82.0,10672,Pave,,IR1,Lvl,AllPub,Inside,Gtl,NridgHt,Norm,Norm,1Fam,2Story,8,5,2006,2006,Gable,CompShg,VinylSd,VinylSd,None,0.0,Gd,TA,PConc,Ex,TA,Gd,Unf,0.0,Unf,0.0,1054.0,1054.0,GasA,Gd,Y,SBrkr,1054,1335,0,2389,0.0,0.0,2,1,4,1,Gd,10,Typ,1,Gd,BuiltIn,2006.0,Fin,3.0,672.0,TA,TA,Y,176,64,0,0,0,0,,,,0,11,2006,New,Partial,298236
1881,2095,906204140,60,RL,82.0,11287,Pave,,Reg,Lvl,AllPub,Inside,Gtl,SawyerW,Norm,Norm,1Fam,2Story,7,6,1989,1989,Gable,CompShg,Plywood,Plywood,BrkFace,340.0,Gd,TA,CBlock,Gd,TA,Av,GLQ,421.0,Unf,0.0,386.0,807.0,GasA,Gd,Y,SBrkr,1175,807,0,1982,0.0,0.0,2,1,3,1,Gd,7,Typ,1,TA,Attchd,1989.0,Fin,2.0,575.0,TA,TA,Y,0,84,0,196,0,0,,,,0,1,2007,WD ,Normal,228500
378,425,528106070,20,RL,108.0,13173,Pave,,IR1,Lvl,AllPub,Corner,Gtl,NridgHt,Norm,Norm,1Fam,1Story,9,5,2006,2007,Hip,CompShg,VinylSd,VinylSd,Stone,300.0,Gd,TA,PConc,Ex,TA,No,GLQ,1572.0,Unf,0.0,80.0,1652.0,GasA,Ex,Y,SBrkr,1652,0,0,1652,1.0,0.0,2,0,2,1,Ex,6,Typ,2,Ex,Attchd,2006.0,Fin,2.0,840.0,TA,TA,Y,404,102,0,0,0,0,,,,0,11,2009,WD ,Normal,325000
982,1095,528290010,60,RL,60.0,15384,Pave,,IR1,Lvl,AllPub,Inside,Gtl,Gilbert,RRAn,Norm,1Fam,2Story,7,5,2004,2005,Gable,CompShg,VinylSd,VinylSd,None,0.0,Gd,TA,PConc,Gd,TA,Av,GLQ,724.0,Unf,0.0,64.0,788.0,GasA,Ex,Y,SBrkr,788,702,0,1490,1.0,0.0,2,1,3,1,Gd,8,Typ,1,Gd,Attchd,2004.0,Fin,2.0,388.0,TA,TA,Y,100,75,0,0,0,0,,,,0,2,2008,WD ,Normal,184000
718,804,906223060,60,RL,75.0,9317,Pave,,Reg,Lvl,AllPub,Inside,Gtl,SawyerW,Norm,Norm,1Fam,2Story,7,5,1993,1993,Gable,CompShg,HdBoard,HdBoard,BrkFace,137.0,Gd,TA,PConc,Gd,TA,No,ALQ,513.0,Unf,0.0,227.0,740.0,GasA,Ex,Y,SBrkr,1006,769,0,1775,1.0,0.0,2,1,3,1,Gd,7,Typ,1,TA,Attchd,1993.0,Unf,2.0,425.0,TA,TA,Y,234,72,192,0,0,0,,,,0,7,2009,WD ,Normal,213000
844,946,912251110,30,I (all),109.0,21780,Grvl,,Reg,Lvl,NoSewr,Inside,Gtl,IDOTRR,Norm,Norm,1Fam,1Story,2,4,1910,1950,Gable,CompShg,Wd Sdng,Wd Sdng,None,0.0,Fa,Fa,CBlock,,,,,0.0,,0.0,0.0,0.0,GasA,TA,N,FuseA,810,0,0,810,0.0,0.0,1,0,1,1,TA,4,Min1,0,,Detchd,1975.0,Unf,1.0,280.0,TA,TA,N,119,24,0,0,0,0,,,,0,3,2009,ConLD,Normal,57625
1702,1901,534431020,45,RL,85.0,12172,Pave,,Reg,Lvl,AllPub,Inside,Gtl,NAmes,Norm,Norm,1Fam,1.5Unf,5,7,1940,1996,Gable,CompShg,Wd Sdng,HdBoard,None,0.0,TA,TA,PConc,TA,TA,No,LwQ,130.0,Rec,259.0,433.0,822.0,GasA,TA,Y,SBrkr,908,0,0,908,0.0,0.0,1,0,2,1,TA,4,Typ,0,,Attchd,1975.0,Unf,2.0,512.0,TA,TA,Y,284,24,0,0,192,0,,MnPrv,,0,10,2007,WD ,Normal,138500
345,387,527368010,60,FV,,8470,Pave,,Reg,Lvl,AllPub,Corner,Gtl,Somerst,Norm,Norm,1Fam,2Story,8,5,2002,2002,Gable,CompShg,VinylSd,VinylSd,None,0.0,Gd,TA,PConc,Gd,TA,No,GLQ,225.0,ALQ,276.0,471.0,972.0,GasA,Ex,Y,SBrkr,972,839,0,1811,0.0,0.0,2,1,3,1,Gd,7,Typ,1,Gd,Attchd,2002.0,RFn,2.0,565.0,TA,TA,Y,225,48,0,0,0,0,,,,0,10,2009,WD ,Normal,235000
1868,2081,905475270,20,RL,60.0,5400,Pave,,Reg,HLS,AllPub,Inside,Gtl,SWISU,Norm,Norm,1Fam,1Story,5,5,1958,1958,Gable,CompShg,MetalSd,MetalSd,None,0.0,TA,TA,CBlock,TA,TA,No,Rec,453.0,Unf,0.0,411.0,864.0,GasA,TA,Y,SBrkr,864,0,0,864,0.0,1.0,1,0,3,1,TA,6,Typ,0,,Attchd,1958.0,Unf,1.0,399.0,TA,TA,Y,0,0,0,0,0,0,,,,0,5,2007,WD ,Normal,118000
1874,2087,905478220,50,RL,60.0,11100,Pave,,Reg,Lvl,AllPub,Inside,Gtl,Edwards,Norm,Norm,1Fam,1.5Fin,5,6,1951,1994,Gable,CompShg,Wd Sdng,Wd Sdng,None,0.0,TA,TA,PConc,TA,TA,Mn,LwQ,1080.0,Unf,0.0,0.0,1080.0,GasA,TA,N,SBrkr,1080,400,0,1480,1.0,0.0,1,0,4,1,TA,7,Typ,1,Gd,Attchd,1951.0,Unf,1.0,253.0,TA,TA,Y,0,0,68,0,0,0,,,,0,7,2007,WD ,Normal,136500
1988,2214,909275310,70,RL,86.0,22420,Pave,,IR1,Lvl,AllPub,Inside,Gtl,Crawfor,Feedr,Norm,1Fam,2Story,6,6,1918,1950,Hip,CompShg,Wd Sdng,Stucco,None,0.0,TA,TA,BrkTil,Gd,TA,No,BLQ,1128.0,Unf,0.0,242.0,1370.0,GasW,TA,N,FuseA,1370,1254,0,2624,1.0,0.0,2,1,4,1,TA,10,Typ,1,Gd,Detchd,1918.0,Unf,3.0,864.0,TA,TA,N,0,0,0,0,0,0,,,,0,11,2007,WD ,Normal,239000
2537,2826,908186060,180,RM,35.0,3675,Pave,,Reg,Lvl,AllPub,Inside,Gtl,Edwards,Norm,Norm,TwnhsE,SLvl,5,5,2005,2005,Gable,CompShg,VinylSd,VinylSd,BrkFace,80.0,TA,TA,PConc,Gd,TA,Gd,GLQ,547.0,Unf,0.0,0.0,547.0,GasA,Gd,Y,SBrkr,1072,0,0,1072,1.0,0.0,1,0,2,1,TA,5,Typ,0,,Basment,2005.0,Fin,2.0,525.0,TA,TA,Y,0,28,0,0,0,0,,,,0,5,2006,WD ,Normal,145000
1379,1541,909428170,20,RL,56.0,26073,Pave,,IR1,Lvl,AllPub,CulDSac,Gtl,Crawfor,Norm,Norm,1Fam,1Story,5,5,1956,1956,Gable,CompShg,BrkFace,MetalSd,None,0.0,TA,TA,PConc,TA,TA,No,Rec,1116.0,Unf,0.0,782.0,1898.0,GasA,Ex,Y,FuseA,1898,0,0,1898,0.0,0.0,2,1,3,1,TA,7,Typ,2,TA,Attchd,1956.0,Unf,2.0,484.0,TA,TA,Y,0,51,224,0,0,0,,MnPrv,,0,4,2008,WD ,Normal,236500
